date,Model,CSPE
2006-09-01,Screening 1,0.005271280751229772
2006-09-01,Screening 2,0.005791207104739449
2006-09-01,Screening 3,0.005001446229748878
2006-09-01,Screening 4,0.00418612513327792
2006-09-01,Screening 5,0.004219916753286233
2006-09-01,Screening 6,0.005841159443348046
2006-09-01,Screening 7,0.005803068546025856
2006-09-01,Screening 8,0.0058886480437091975
2006-09-01,Screening 9,0.005663037332082939
2006-09-01,Screening 10,0.005316247396670397
2006-09-01,Screening 11,7.044621930027842e-4
2006-09-01,Screening 12,0.001909555098269137
2006-09-01,Screening 13,0.0014025376389953789
2006-09-01,Screening 14,8.478739461250349e-4
2006-09-01,Screening 15,0.0014107575483805783
2006-09-01,Screening CV,0.005271280751229772
2006-09-01,Boosting 1,6.573785719254707e-4
2006-09-01,Boosting 5,0.0022479249140404086
2006-09-01,Boosting 10,0.0032283309440180293
2006-09-01,Boosting 25,0.0032477221905084794
2006-09-01,Boosting 50,0.002957888156273596
2006-09-01,Boosting 100,0.0029159489197584073
2006-09-01,Boosting 200,0.0027210674773852127
2006-09-01,Boosting 300,0.002133608297939498
2006-09-01,Boosting CV,0.0034812379749982678
2006-10-01,Screening 1,0.004431771055826125
2006-10-01,Screening 2,0.005183650535393543
2006-10-01,Screening 3,0.004469767062422109
2006-10-01,Screening 4,0.00364710462060345
2006-10-01,Screening 5,0.003914365161613094
2006-10-01,Screening 6,0.0057164923665945595
2006-10-01,Screening 7,0.005656394629281905
2006-10-01,Screening 8,0.005736659378859444
2006-10-01,Screening 9,0.005498401822874895
2006-10-01,Screening 10,0.004650856020044867
2006-10-01,Screening 11,2.642315393380541e-4
2006-10-01,Screening 12,0.001980789825877598
2006-10-01,Screening 13,0.0014746077018877345
2006-10-01,Screening 14,8.807997955934736e-4
2006-10-01,Screening 15,0.0012599930116753144
2006-10-01,Screening CV,0.004605889374604242
2006-10-01,Boosting 1,7.08143372033754e-4
2006-10-01,Boosting 5,0.0022127073541076633
2006-10-01,Boosting 10,0.0032339770108076892
2006-10-01,Boosting 25,0.003129834083979728
2006-10-01,Boosting 50,0.0029020440751943597
2006-10-01,Boosting 100,0.002892988574692315
2006-10-01,Boosting 200,0.0027071380234128667
2006-10-01,Boosting 300,0.0021864582255997
2006-10-01,Boosting CV,0.0034540844732412787
2006-11-01,Screening 1,0.005363633600667004
2006-11-01,Screening 2,0.0052474423772564775
2006-11-01,Screening 3,0.0051896440080149205
2006-11-01,Screening 4,0.004379638275430585
2006-11-01,Screening 5,0.004861108544902993
2006-11-01,Screening 6,0.006618490133064119
2006-11-01,Screening 7,0.006557473815321031
2006-11-01,Screening 8,0.006647725195857971
2006-11-01,Screening 9,0.006372567807798743
2006-11-01,Screening 10,0.005616240319145735
2006-11-01,Screening 11,0.0010381292429488894
2006-11-01,Screening 12,0.0028536111833859933
2006-11-01,Screening 13,0.0023256450491665535
2006-11-01,Screening 14,0.0018265391688590594
2006-11-01,Screening 15,0.0022228358714444937
2006-11-01,Screening CV,0.0055377519194451195
2006-11-01,Boosting 1,8.586312472813072e-4
2006-11-01,Boosting 5,0.0028827953877474297
2006-11-01,Boosting 10,0.004150123302324276
2006-11-01,Boosting 25,0.004095903027205652
2006-11-01,Boosting 50,0.0038618464478918486
2006-11-01,Boosting 100,0.003858283620001276
2006-11-01,Boosting 200,0.0036691634370016935
2006-11-01,Boosting 300,0.0031499718027102664
2006-11-01,Boosting CV,0.004418081630020884
2006-12-01,Screening 1,0.014627899285073452
2006-12-01,Screening 2,0.010913672106262321
2006-12-01,Screening 3,0.009857651332481454
2006-12-01,Screening 4,0.011075341084129041
2006-12-01,Screening 5,0.013517798610161481
2006-12-01,Screening 6,0.01558841739914523
2006-12-01,Screening 7,0.015498091206540056
2006-12-01,Screening 8,0.015543602747277894
2006-12-01,Screening 9,0.014893167262043141
2006-12-01,Screening 10,0.012534632151076565
2006-12-01,Screening 11,0.008546736653928813
2006-12-01,Screening 12,0.010726450745857893
2006-12-01,Screening 13,0.010922710258009005
2006-12-01,Screening 14,0.011809277581212337
2006-12-01,Screening 15,0.01307331866622201
2006-12-01,Screening CV,0.014802017603851568
2006-12-01,Boosting 1,0.001913909549282377
2006-12-01,Boosting 5,0.006060852077723276
2006-12-01,Boosting 10,0.008104938670205324
2006-12-01,Boosting 25,0.010168401560086433
2006-12-01,Boosting 50,0.010666173891030046
2006-12-01,Boosting 100,0.011290578209124498
2006-12-01,Boosting 200,0.011221512761778832
2006-12-01,Boosting 300,0.011417184179312756
2006-12-01,Boosting CV,0.00981412984013372
2007-01-01,Screening 1,0.00746220118586431
2007-01-01,Screening 2,0.0010359938998588582
2007-01-01,Screening 3,-0.007009893670797872
2007-01-01,Screening 4,7.812439660286027e-4
2007-01-01,Screening 5,0.004353912456738569
2007-01-01,Screening 6,0.00706233113557186
2007-01-01,Screening 7,0.0044636725824033635
2007-01-01,Screening 8,0.0041462666290456585
2007-01-01,Screening 9,0.0029652280933333383
2007-01-01,Screening 10,-0.003374413793375711
2007-01-01,Screening 11,-0.008110464013898394
2007-01-01,Screening 12,-0.017704272295106703
2007-01-01,Screening 13,-0.01667537515310081
2007-01-01,Screening 14,-0.014679042577591698
2007-01-01,Screening 15,-0.011529612991055397
2007-01-01,Screening CV,0.007636319504642426
2007-01-01,Boosting 1,0.0013385458016665001
2007-01-01,Boosting 5,0.0035058188068196714
2007-01-01,Boosting 10,0.00457162597961566
2007-01-01,Boosting 25,0.0025057079795046213
2007-01-01,Boosting 50,0.001147792665765078
2007-01-01,Boosting 100,9.348114393935999e-4
2007-01-01,Boosting 200,-9.318061444414138e-4
2007-01-01,Boosting 300,-0.0019313687016917574
2007-01-01,Boosting CV,0.0072590965692301175
2007-02-01,Screening 1,0.0069798514602231986
2007-02-01,Screening 2,6.350115875828653e-4
2007-02-01,Screening 3,-0.00701620878406875
2007-02-01,Screening 4,4.916874111047401e-4
2007-02-01,Screening 5,0.004100544954776129
2007-02-01,Screening 6,0.006814235156649342
2007-02-01,Screening 7,0.004106227097236573
2007-02-01,Screening 8,0.004089010479654072
2007-02-01,Screening 9,0.0029417782317231467
2007-02-01,Screening 10,-0.0035259305451255784
2007-02-01,Screening 11,-0.008193310907504093
2007-02-01,Screening 12,-0.017770036939200734
2007-02-01,Screening 13,-0.017662380525526978
2007-02-01,Screening 14,-0.015501574088256122
2007-02-01,Screening 15,-0.012312706600586233
2007-02-01,Screening CV,0.0071539697790013144
2007-02-01,Boosting 1,0.0013512197498376972
2007-02-01,Boosting 5,0.003471941561059384
2007-02-01,Boosting 10,0.0045697087698444196
2007-02-01,Boosting 25,0.002500684633687529
2007-02-01,Boosting 50,0.0011527689817012112
2007-02-01,Boosting 100,9.486446527686535e-4
2007-02-01,Boosting 200,-9.705141114592261e-4
2007-02-01,Boosting 300,-0.0020806607291761043
2007-02-01,Boosting CV,0.00722521932346983
2007-03-01,Screening 1,0.008539484937447234
2007-03-01,Screening 2,0.0016061686327013395
2007-03-01,Screening 3,-0.005762993203749387
2007-03-01,Screening 4,0.001852656833309095
2007-03-01,Screening 5,0.005456650484636015
2007-03-01,Screening 6,0.008164621539605704
2007-03-01,Screening 7,0.005385413865049719
2007-03-01,Screening 8,0.004379677066562853
2007-03-01,Screening 9,0.003318118283872445
2007-03-01,Screening 10,-0.0030345298436501257
2007-03-01,Screening 11,-0.0076786247737120296
2007-03-01,Screening 12,-0.017253531116183506
2007-03-01,Screening 13,-0.018712938718860612
2007-03-01,Screening 14,-0.016308003366067792
2007-03-01,Screening 15,-0.013173254998935537
2007-03-01,Screening CV,0.00871360325622535
2007-03-01,Boosting 1,0.0015651875009714059
2007-03-01,Boosting 5,0.004266473013761361
2007-03-01,Boosting 10,0.0054134641403583254
2007-03-01,Boosting 25,0.0033725887176415084
2007-03-01,Boosting 50,0.001881269624762646
2007-03-01,Boosting 100,0.0015554737942895473
2007-03-01,Boosting 200,-2.906740573505011e-4
2007-03-01,Boosting 300,-0.0012337745693579603
2007-03-01,Boosting CV,0.008182212176972844
2007-04-01,Screening 1,0.00889674303395699
2007-04-01,Screening 2,0.0016447081363419667
2007-04-01,Screening 3,-0.005358295547676727
2007-04-01,Screening 4,0.002356146630701386
2007-04-01,Screening 5,0.005972513328851148
2007-04-01,Screening 6,0.008680206442814888
2007-04-01,Screening 7,0.005713909124565205
2007-04-01,Screening 8,0.004703523151588376
2007-04-01,Screening 9,0.0038627779151447898
2007-04-01,Screening 10,-0.0024921083530687867
2007-04-01,Screening 11,-0.007141905495446956
2007-04-01,Screening 12,-0.016715727391727237
2007-04-01,Screening 13,-0.018311871967942844
2007-04-01,Screening 14,-0.01588156221888839
2007-04-01,Screening 15,-0.012769595414732254
2007-04-01,Screening CV,0.009070861352735106
2007-04-01,Boosting 1,0.001726249289933513
2007-04-01,Boosting 5,0.004749525873183281
2007-04-01,Boosting 10,0.005946713790283513
2007-04-01,Boosting 25,0.00391906414610235
2007-04-01,Boosting 50,0.0023832101041633834
2007-04-01,Boosting 100,0.001992140617325675
2007-04-01,Boosting 200,1.4330088559709616e-4
2007-04-01,Boosting 300,-0.0013704761806545593
2007-04-01,Boosting CV,0.008728577314470775
2007-05-01,Screening 1,0.004032175216908787
2007-05-01,Screening 2,-0.002975059419778219
2007-05-01,Screening 3,-0.010667632015154178
2007-05-01,Screening 4,-0.0014012019906686907
2007-05-01,Screening 5,0.0025938528479465765
2007-05-01,Screening 6,0.0053475572656323436
2007-05-01,Screening 7,0.002822358598135234
2007-05-01,Screening 8,0.0012366889490618305
2007-05-01,Screening 9,5.21847016624001e-6
2007-05-01,Screening 10,-0.005402808263275422
2007-05-01,Screening 11,-0.010195536592937957
2007-05-01,Screening 12,-0.020570281635873145
2007-05-01,Screening 13,-0.0248283666630778
2007-05-01,Screening 14,-0.02179505359417253
2007-05-01,Screening 15,-0.018089340637996675
2007-05-01,Screening CV,0.0042062935356869035
2007-05-01,Boosting 1,0.0013595480524815338
2007-05-01,Boosting 5,0.003079195317117796
2007-05-01,Boosting 10,0.003518880449658258
2007-05-01,Boosting 25,5.453629425480902e-4
2007-05-01,Boosting 50,-0.0019125951445593049
2007-05-01,Boosting 100,-0.002957842192113382
2007-05-01,Boosting 200,-0.0037777769667312116
2007-05-01,Boosting 300,-0.0051027512722572254
2007-05-01,Boosting CV,0.00611448184949682
2007-06-01,Screening 1,0.0074090297219010694
2007-06-01,Screening 2,-0.0011548034024458612
2007-06-01,Screening 3,-0.009072999568738777
2007-06-01,Screening 4,3.1590998148287724e-4
2007-06-01,Screening 5,0.004868951390844905
2007-06-01,Screening 6,0.007623990440344764
2007-06-01,Screening 7,0.004876055685959653
2007-06-01,Screening 8,0.003378255009535918
2007-06-01,Screening 9,0.0021394753382005366
2007-06-01,Screening 10,-0.0031351961743312663
2007-06-01,Screening 11,-0.007673835224150513
2007-06-01,Screening 12,-0.017886403774876825
2007-06-01,Screening 13,-0.02219880443311962
2007-06-01,Screening 14,-0.01855882471152863
2007-06-01,Screening 15,-0.01633452459989234
2007-06-01,Screening CV,0.007583148040679186
2007-06-01,Boosting 1,0.0017527314250433894
2007-06-01,Boosting 5,0.004611162551070212
2007-06-01,Boosting 10,0.004942267480677516
2007-06-01,Boosting 25,0.0026718280188340764
2007-06-01,Boosting 50,7.831372502159144e-4
2007-06-01,Boosting 100,9.83767404078886e-4
2007-06-01,Boosting 200,0.0011999786895620583
2007-06-01,Boosting 300,6.653720732769394e-5
2007-06-01,Boosting CV,0.007705855377524985
2007-07-01,Screening 1,0.004928858612899518
2007-07-01,Screening 2,-0.003175567183625008
2007-07-01,Screening 3,-0.010596175112548028
2007-07-01,Screening 4,-0.0016026079226761027
2007-07-01,Screening 5,0.003393302859273684
2007-07-01,Screening 6,0.006142064273547721
2007-07-01,Screening 7,0.00360697896460966
2007-07-01,Screening 8,0.002138723857361758
2007-07-01,Screening 9,8.416873389323344e-4
2007-07-01,Screening 10,-0.004458667655517335
2007-07-01,Screening 11,-0.008289893881129544
2007-07-01,Screening 12,-0.018506141785617592
2007-07-01,Screening 13,-0.022712065547290237
2007-07-01,Screening 14,-0.019059311932599687
2007-07-01,Screening 15,-0.016353547099619673
2007-07-01,Screening CV,0.005102976931677635
2007-07-01,Boosting 1,0.001561140588427199
2007-07-01,Boosting 5,0.003747113518044662
2007-07-01,Boosting 10,0.003880902036671319
2007-07-01,Boosting 25,0.0015796812461254539
2007-07-01,Boosting 50,-2.5712028016814254e-4
2007-07-01,Boosting 100,2.7548033348109667e-4
2007-07-01,Boosting 200,0.0012561670680064398
2007-07-01,Boosting 300,4.2744934594419017e-4
2007-07-01,Boosting CV,0.006773864473914491
2007-08-01,Screening 1,-0.002077501164041589
2007-08-01,Screening 2,-0.008691329346438254
2007-08-01,Screening 3,-0.020219332863619894
2007-08-01,Screening 4,-0.011262066604652114
2007-08-01,Screening 5,-0.002883603272969049
2007-08-01,Screening 6,-5.325955675418339e-6
2007-08-01,Screening 7,-0.0052738815745867595
2007-08-01,Screening 8,-0.0065300685171674555
2007-08-01,Screening 9,-0.008847796511070103
2007-08-01,Screening 10,-0.013907981414433756
2007-08-01,Screening 11,-0.019048969748806818
2007-08-01,Screening 12,-0.029440754061948075
2007-08-01,Screening 13,-0.03622557614953125
2007-08-01,Screening 14,-0.03368872646027426
2007-08-01,Screening 15,-0.03018442972542511
2007-08-01,Screening CV,-0.0019033828452634728
2007-08-01,Boosting 1,9.699933133313023e-4
2007-08-01,Boosting 5,0.0011721128365306302
2007-08-01,Boosting 10,9.310296620624979e-5
2007-08-01,Boosting 25,-0.0046762393766947566
2007-08-01,Boosting 50,-0.008347039174707369
2007-08-01,Boosting 100,-0.010576175542246099
2007-08-01,Boosting 200,-0.011020767934691368
2007-08-01,Boosting 300,-0.013708315181345505
2007-08-01,Boosting CV,0.0013595665614583108
2007-09-01,Screening 1,-9.855302329135873e-5
2007-09-01,Screening 2,-0.0064189558267778455
2007-09-01,Screening 3,-0.017577853537918478
2007-09-01,Screening 4,-0.008882508648201398
2007-09-01,Screening 5,-6.787427803113778e-4
2007-09-01,Screening 6,0.002208205439662407
2007-09-01,Screening 7,-0.0031085902937414357
2007-09-01,Screening 8,-0.004669993591676025
2007-09-01,Screening 9,-0.00686326040377911
2007-09-01,Screening 10,-0.011682599608598942
2007-09-01,Screening 11,-0.01677613107488614
2007-09-01,Screening 12,-0.027064136969285706
2007-09-01,Screening 13,-0.03371371413353516
2007-09-01,Screening 14,-0.031224234335221014
2007-09-01,Screening 15,-0.02792108288121406
2007-09-01,Screening CV,7.55652954867576e-5
2007-09-01,Boosting 1,0.0012152101054634398
2007-09-01,Boosting 5,0.0021096563488886395
2007-09-01,Boosting 10,0.0012329030359596249
2007-09-01,Boosting 25,-0.003113708897735108
2007-09-01,Boosting 50,-0.006734834583200162
2007-09-01,Boosting 100,-0.008766544200062565
2007-09-01,Boosting 200,-0.009583233089724363
2007-09-01,Boosting 300,-0.012459863550092036
2007-09-01,Boosting CV,0.0026600501106605807
2007-10-01,Screening 1,0.002931351456038053
2007-10-01,Screening 2,-0.004988278683034874
2007-10-01,Screening 3,-0.016066228983408808
2007-10-01,Screening 4,-0.008027390677574117
2007-10-01,Screening 5,3.921952397638124e-4
2007-10-01,Screening 6,0.0033071848552406985
2007-10-01,Screening 7,-0.0020941514140908365
2007-10-01,Screening 8,-0.003645330307738555
2007-10-01,Screening 9,-0.005669061961331266
2007-10-01,Screening 10,-0.011140597793047907
2007-10-01,Screening 11,-0.016473007675836288
2007-10-01,Screening 12,-0.026664789666802816
2007-10-01,Screening 13,-0.032982517442110094
2007-10-01,Screening 14,-0.0304447272339466
2007-10-01,Screening 15,-0.02743342944833581
2007-10-01,Screening CV,0.003105469774816169
2007-10-01,Boosting 1,0.0015654759709226075
2007-10-01,Boosting 5,0.003477451892851501
2007-10-01,Boosting 10,0.0023255614793445583
2007-10-01,Boosting 25,-0.0019451782358966168
2007-10-01,Boosting 50,-0.005689725089453137
2007-10-01,Boosting 100,-0.007990841360362695
2007-10-01,Boosting 200,-0.009783269348421234
2007-10-01,Boosting 300,-0.013285184705507819
2007-10-01,Boosting CV,0.0039305394692234685
2007-11-01,Screening 1,0.005241766563639106
2007-11-01,Screening 2,-0.0027051018123217026
2007-11-01,Screening 3,-0.014635327313484955
2007-11-01,Screening 4,-0.0060024742387955144
2007-11-01,Screening 5,0.0020101310237369465
2007-11-01,Screening 6,0.005095852593223748
2007-11-01,Screening 7,-3.37852340004918e-4
2007-11-01,Screening 8,-0.002027228890103447
2007-11-01,Screening 9,-0.004240470865950956
2007-11-01,Screening 10,-0.011003293873965887
2007-11-01,Screening 11,-0.0158554184988549
2007-11-01,Screening 12,-0.0259380529650803
2007-11-01,Screening 13,-0.032170483848738975
2007-11-01,Screening 14,-0.028909108386601247
2007-11-01,Screening 15,-0.025856358048260048
2007-11-01,Screening CV,0.005415884882417222
2007-11-01,Boosting 1,0.0018999386230526313
2007-11-01,Boosting 5,0.004701461400468524
2007-11-01,Boosting 10,0.003849790549019125
2007-11-01,Boosting 25,-3.532023420855434e-4
2007-11-01,Boosting 50,-0.004094934449408985
2007-11-01,Boosting 100,-0.00643139175812428
2007-11-01,Boosting 200,-0.00825362743645921
2007-11-01,Boosting 300,-0.011648926721405203
2007-11-01,Boosting CV,0.0054594684268503115
2007-12-01,Screening 1,0.0044856875533865566
2007-12-01,Screening 2,-0.00268962673694122
2007-12-01,Screening 3,-0.01464815003043736
2007-12-01,Screening 4,-0.00606119732656701
2007-12-01,Screening 5,0.0020260370506614707
2007-12-01,Screening 6,0.005111720480313864
2007-12-01,Screening 7,-3.2195878214468995e-4
2007-12-01,Screening 8,-0.002014528051128819
2007-12-01,Screening 9,-0.004224878435777849
2007-12-01,Screening 10,-0.010992673291068037
2007-12-01,Screening 11,-0.01583978508188256
2007-12-01,Screening 12,-0.0259225479886547
2007-12-01,Screening 13,-0.03215456465753107
2007-12-01,Screening 14,-0.028919163675918035
2007-12-01,Screening 15,-0.025890979793706748
2007-12-01,Screening CV,0.004659805872164673
2007-12-01,Boosting 1,0.0018752809247819138
2007-12-01,Boosting 5,0.004528732240594402
2007-12-01,Boosting 10,0.003697593790745054
2007-12-01,Boosting 25,-3.8358485258155567e-4
2007-12-01,Boosting 50,-0.004119705850894765
2007-12-01,Boosting 100,-0.006491049913477214
2007-12-01,Boosting 200,-0.008295350018930411
2007-12-01,Boosting 300,-0.011674022887593196
2007-12-01,Boosting CV,0.005396708580132214
2008-01-01,Screening 1,0.0027471742045114787
2008-01-01,Screening 2,-0.004299254763192045
2008-01-01,Screening 3,-0.015220096370933578
2008-01-01,Screening 4,-0.0076060156509378295
2008-01-01,Screening 5,8.778860263656308e-4
2008-01-01,Screening 6,0.003679939426587573
2008-01-01,Screening 7,-0.001710018365623958
2008-01-01,Screening 8,-0.003929280173751097
2008-01-01,Screening 9,-0.006044953041748499
2008-01-01,Screening 10,-0.013189939455754288
2008-01-01,Screening 11,-0.018152683160408176
2008-01-01,Screening 12,-0.02896640111492522
2008-01-01,Screening 13,-0.03520557299790151
2008-01-01,Screening 14,-0.03148169755858095
2008-01-01,Screening 15,-0.0304642248861065
2008-01-01,Screening CV,0.002921292523289595
2008-01-01,Boosting 1,0.0018037531972339013
2008-01-01,Boosting 5,0.004091716206933885
2008-01-01,Boosting 10,0.0029937540607096478
2008-01-01,Boosting 25,-0.0013340306949720466
2008-01-01,Boosting 50,-0.0055406694965797485
2008-01-01,Boosting 100,-0.009291269145959843
2008-01-01,Boosting 200,-0.013272327085041823
2008-01-01,Boosting 300,-0.018398132877921993
2008-01-01,Boosting CV,0.004517274343798383
2008-02-01,Screening 1,0.00601333077947635
2008-02-01,Screening 2,-0.00203103617949984
2008-02-01,Screening 3,-0.012643240822578823
2008-02-01,Screening 4,-0.006133233880376201
2008-02-01,Screening 5,0.002940024601650289
2008-02-01,Screening 6,0.005687259605525987
2008-02-01,Screening 7,3.5444416133701643e-4
2008-02-01,Screening 8,-0.0017982970180556955
2008-02-01,Screening 9,-0.0038616409976957857
2008-02-01,Screening 10,-0.010669164225474677
2008-02-01,Screening 11,-0.015862691677913432
2008-02-01,Screening 12,-0.02719139965659221
2008-02-01,Screening 13,-0.033300494785238687
2008-02-01,Screening 14,-0.02853081465949396
2008-02-01,Screening 15,-0.026885164688439
2008-02-01,Screening CV,0.006187449098254466
2008-02-01,Boosting 1,0.002178445169678874
2008-02-01,Boosting 5,0.005558411193858164
2008-02-01,Boosting 10,0.004607277687665483
2008-02-01,Boosting 25,2.797742604762389e-4
2008-02-01,Boosting 50,-0.0037405949520928745
2008-02-01,Boosting 100,-0.007154486063246597
2008-02-01,Boosting 200,-0.011025753047439366
2008-02-01,Boosting 300,-0.01656783573916956
2008-02-01,Boosting CV,0.006210469499267348
2008-03-01,Screening 1,0.001693880907945952
2008-03-01,Screening 2,-0.005813304583270535
2008-03-01,Screening 3,-0.014134283054504095
2008-03-01,Screening 4,-0.010473374245998037
2008-03-01,Screening 5,-0.0016378161315847761
2008-03-01,Screening 6,0.0018592290455996636
2008-03-01,Screening 7,-0.003311566147475749
2008-03-01,Screening 8,-0.005065701033411822
2008-03-01,Screening 9,-0.007642370527734555
2008-03-01,Screening 10,-0.015199454246406488
2008-03-01,Screening 11,-0.018638648447419692
2008-03-01,Screening 12,-0.03061052199682409
2008-03-01,Screening 13,-0.0362805393567054
2008-03-01,Screening 14,-0.03145300018415158
2008-03-01,Screening 15,-0.029481168227213948
2008-03-01,Screening CV,0.0018679992267240683
2008-03-01,Boosting 1,0.001847839375172308
2008-03-01,Boosting 5,0.0040618309242216434
2008-03-01,Boosting 10,0.002783819640658395
2008-03-01,Boosting 25,-0.0022014419717583476
2008-03-01,Boosting 50,-0.006639898125726507
2008-03-01,Boosting 100,-0.00993009513921171
2008-03-01,Boosting 200,-0.013148182900486909
2008-03-01,Boosting 300,-0.017965915649916175
2008-03-01,Boosting CV,0.003728939524105182
2008-04-01,Screening 1,0.0050795623884784345
2008-04-01,Screening 2,-0.003515564121185737
2008-04-01,Screening 3,-0.011524210175218728
2008-04-01,Screening 4,-0.007838064098759099
2008-04-01,Screening 5,0.0017090499926076168
2008-04-01,Screening 6,0.005195340234401352
2008-04-01,Screening 7,-0.001125374317454614
2008-04-01,Screening 8,-0.0027089077196575523
2008-04-01,Screening 9,-0.003351357044810344
2008-04-01,Screening 10,-0.010835735013335363
2008-04-01,Screening 11,-0.014299451129733302
2008-04-01,Screening 12,-0.026772574237417694
2008-04-01,Screening 13,-0.032470301976161096
2008-04-01,Screening 14,-0.02761685411105597
2008-04-01,Screening 15,-0.025300787823653217
2008-04-01,Screening CV,0.00525368070725655
2008-04-01,Boosting 1,0.0022329505840435267
2008-04-01,Boosting 5,0.005573353015524652
2008-04-01,Boosting 10,0.0047594158201264515
2008-04-01,Boosting 25,6.119619613651208e-4
2008-04-01,Boosting 50,-0.0026073618625056245
2008-04-01,Boosting 100,-0.005368407520539545
2008-04-01,Boosting 200,-0.0074452478911212145
2008-04-01,Boosting 300,-0.011757123219845057
2008-04-01,Boosting CV,0.006226552381023379
2008-05-01,Screening 1,0.006289910481922771
2008-05-01,Screening 2,-0.0022028755145225565
2008-05-01,Screening 3,-0.010255987657327449
2008-05-01,Screening 4,-0.006563609942928197
2008-05-01,Screening 5,0.002988469494891341
2008-05-01,Screening 6,0.006472726354239963
2008-05-01,Screening 7,1.703236772310937e-4
2008-05-01,Screening 8,-0.0012832488368613897
2008-05-01,Screening 9,-0.001934069792586096
2008-05-01,Screening 10,-0.009457269144743666
2008-05-01,Screening 11,-0.012929641239144543
2008-05-01,Screening 12,-0.025402475138951087
2008-05-01,Screening 13,-0.031089427149072504
2008-05-01,Screening 14,-0.026187949113758966
2008-05-01,Screening 15,-0.023896788399175268
2008-05-01,Screening CV,0.006464028800700887
2008-05-01,Boosting 1,0.002401637242362437
2008-05-01,Boosting 5,0.0061970334180781236
2008-05-01,Boosting 10,0.005563370938778786
2008-05-01,Boosting 25,0.0016926737826733374
2008-05-01,Boosting 50,-0.001402695586099993
2008-05-01,Boosting 100,-0.004031305929653872
2008-05-01,Boosting 200,-0.006022450245733615
2008-05-01,Boosting 300,-0.010328531248341467
2008-05-01,Boosting CV,0.007241190428575238
2008-06-01,Screening 1,0.0044603478220849035
2008-06-01,Screening 2,-0.004452584748597526
2008-06-01,Screening 3,-0.010489562348435809
2008-06-01,Screening 4,-0.006810531661705525
2008-06-01,Screening 5,0.0024207251443988586
2008-06-01,Screening 6,0.0059171043542453495
2008-06-01,Screening 7,-3.168815533563943e-4
2008-06-01,Screening 8,-0.0031674070270016116
2008-06-01,Screening 9,-0.003591917834047996
2008-06-01,Screening 10,-0.011325012507177844
2008-06-01,Screening 11,-0.014633090535544945
2008-06-01,Screening 12,-0.027090327820261332
2008-06-01,Screening 13,-0.03218748118680341
2008-06-01,Screening 14,-0.026740900816703876
2008-06-01,Screening 15,-0.02402937429543613
2008-06-01,Screening CV,0.0046344661408630194
2008-06-01,Boosting 1,0.0022656786164718897
2008-06-01,Boosting 5,0.005574082242831975
2008-06-01,Boosting 10,0.004834895251390094
2008-06-01,Boosting 25,7.430012617104904e-4
2008-06-01,Boosting 50,-0.0026856315222052096
2008-06-01,Boosting 100,-0.005602293808896699
2008-06-01,Boosting 200,-0.00771766744489635
2008-06-01,Boosting 300,-0.012198961921595357
2008-06-01,Boosting CV,0.0062846544152535926
2008-07-01,Screening 1,0.013220052393202201
2008-07-01,Screening 2,0.0017717556665259706
2008-07-01,Screening 3,0.00409907095352213
2008-07-01,Screening 4,0.00795638369553411
2008-07-01,Screening 5,0.015155582817762326
2008-07-01,Screening 6,0.01872010383992456
2008-07-01,Screening 7,0.012023654032321744
2008-07-01,Screening 8,0.006383500498823519
2008-07-01,Screening 9,0.005226265148329758
2008-07-01,Screening 10,-0.00220619475611367
2008-07-01,Screening 11,-0.004677055585125204
2008-07-01,Screening 12,-0.016622839197354047
2008-07-01,Screening 13,-0.020394506071157968
2008-07-01,Screening 14,-0.014755194636256463
2008-07-01,Screening 15,-0.012736473170723217
2008-07-01,Screening CV,0.013394170711980317
2008-07-01,Boosting 1,0.0032390059012768813
2008-07-01,Boosting 5,0.009422846710321583
2008-07-01,Boosting 10,0.010507345401985951
2008-07-01,Boosting 25,0.008505571996318394
2008-07-01,Boosting 50,0.006054435000032376
2008-07-01,Boosting 100,0.00354289311221617
2008-07-01,Boosting 200,0.0015536554300650536
2008-07-01,Boosting 300,-0.0025792084069653338
2008-07-01,Boosting CV,0.01335447429507656
2008-08-01,Screening 1,0.021022844883915235
2008-08-01,Screening 2,0.012815001049392621
2008-08-01,Screening 3,0.015682464511018106
2008-08-01,Screening 4,0.01806412562544125
2008-08-01,Screening 5,0.024180847484280947
2008-08-01,Screening 6,0.0277597200162558
2008-08-01,Screening 7,0.022914562988553638
2008-08-01,Screening 8,0.017866340846746445
2008-08-01,Screening 9,0.016471762343085092
2008-08-01,Screening 10,0.008436030028427213
2008-08-01,Screening 11,0.006472886696270959
2008-08-01,Screening 12,-0.00549222433589806
2008-08-01,Screening 13,-0.0068576891532748
2008-08-01,Screening 14,-0.0017638722720544108
2008-08-01,Screening 15,2.569721446990052e-4
2008-08-01,Screening CV,0.02350191264188746
2008-08-01,Boosting 1,0.004126533800640319
2008-08-01,Boosting 5,0.013081288654515731
2008-08-01,Boosting 10,0.016002045792470165
2008-08-01,Boosting 25,0.015498601333945972
2008-08-01,Boosting 50,0.014047564136095198
2008-08-01,Boosting 100,0.013413608971983838
2008-08-01,Boosting 200,0.013259074992029302
2008-08-01,Boosting 300,0.010091012975709428
2008-08-01,Boosting CV,0.02034750363270414
2008-09-01,Screening 1,0.04203203780809506
2008-09-01,Screening 2,0.017788642220814235
2008-09-01,Screening 3,0.02285200939564083
2008-09-01,Screening 4,0.04249955114769337
2008-09-01,Screening 5,0.05108886254348614
2008-09-01,Screening 6,0.058125450906842194
2008-09-01,Screening 7,0.052071647761128
2008-09-01,Screening 8,0.04645491207087414
2008-09-01,Screening 9,0.04745536119096795
2008-09-01,Screening 10,0.06174281930057001
2008-09-01,Screening 11,0.049413711293285
2008-09-01,Screening 12,0.01081857200772016
2008-09-01,Screening 13,0.0074880540791309414
2008-09-01,Screening 14,0.012071270510570492
2008-09-01,Screening 15,0.020609894670827515
2008-09-01,Screening CV,0.05040992770109265
2008-09-01,Boosting 1,0.006342191295203413
2008-09-01,Boosting 5,0.018912271780603174
2008-09-01,Boosting 10,0.022688174526628815
2008-09-01,Boosting 25,0.027781958325322046
2008-09-01,Boosting 50,0.028786682985141237
2008-09-01,Boosting 100,0.030031745422647697
2008-09-01,Boosting 200,0.029433288744995345
2008-09-01,Boosting 300,0.02484883773845237
2008-09-01,Boosting CV,0.03555197063856809
2008-10-01,Screening 1,0.06290643098920817
2008-10-01,Screening 2,0.06948381801935397
2008-10-01,Screening 3,0.0786935735756998
2008-10-01,Screening 4,0.09798205272884358
2008-10-01,Screening 5,0.10588743240810085
2008-10-01,Screening 6,0.11951525451453207
2008-10-01,Screening 7,0.11385756550122134
2008-10-01,Screening 8,0.09771712070646775
2008-10-01,Screening 9,0.08818225069324921
2008-10-01,Screening 10,0.10230197272680236
2008-10-01,Screening 11,0.09678119008380899
2008-10-01,Screening 12,0.07192447913647546
2008-10-01,Screening 13,0.06820428763398141
2008-10-01,Screening 14,0.07286282058688318
2008-10-01,Screening 15,0.07785676487572069
2008-10-01,Screening CV,0.11219584544118598
2008-10-01,Boosting 1,0.008571553447042355
2008-10-01,Boosting 5,0.06546806841755114
2008-10-01,Boosting 10,0.09332723463168346
2008-10-01,Boosting 25,0.10710285217532324
2008-10-01,Boosting 50,0.10125146995760428
2008-10-01,Boosting 100,0.10164411857308436
2008-10-01,Boosting 200,0.10204247838118359
2008-10-01,Boosting 300,0.09765354452096456
2008-10-01,Boosting CV,0.10725315552519414
2008-11-01,Screening 1,0.1561192189784429
2008-11-01,Screening 2,0.15698824502713446
2008-11-01,Screening 3,0.16967042755835682
2008-11-01,Screening 4,0.15980545132838891
2008-11-01,Screening 5,0.16778123334879708
2008-11-01,Screening 6,0.18276966227391478
2008-11-01,Screening 7,0.17957230555144463
2008-11-01,Screening 8,0.16381192534860017
2008-11-01,Screening 9,0.1601847508949605
2008-11-01,Screening 10,0.1744104050355013
2008-11-01,Screening 11,0.1667685891343968
2008-11-01,Screening 12,0.14269382273168782
2008-11-01,Screening 13,0.1381716225668491
2008-11-01,Screening 14,0.14196440409666317
2008-11-01,Screening 15,0.15887901910808896
2008-11-01,Screening CV,0.1782906500833184
2008-11-01,Boosting 1,0.02162280298744511
2008-11-01,Boosting 5,0.10296576589398311
2008-11-01,Boosting 10,0.1494202659429566
2008-11-01,Boosting 25,0.16880724653946652
2008-11-01,Boosting 50,0.16624278048003413
2008-11-01,Boosting 100,0.16732980264379843
2008-11-01,Boosting 200,0.16739423658700778
2008-11-01,Boosting 300,0.1626988163095933
2008-11-01,Boosting CV,0.17272576851875052
2008-12-01,Screening 1,0.14014486803065931
2008-12-01,Screening 2,0.12703720906522742
2008-12-01,Screening 3,0.13749358703549164
2008-12-01,Screening 4,0.12696511561762466
2008-12-01,Screening 5,0.1333644040854093
2008-12-01,Screening 6,0.14731852514684768
2008-12-01,Screening 7,0.14375759864299045
2008-12-01,Screening 8,0.1278530162935992
2008-12-01,Screening 9,0.12545197002297206
2008-12-01,Screening 10,0.1394401176168576
2008-12-01,Screening 11,0.13095361696826663
2008-12-01,Screening 12,0.10686002292793721
2008-12-01,Screening 13,0.10330515404438607
2008-12-01,Screening 14,0.10710749015202375
2008-12-01,Screening 15,0.12733932779257678
2008-12-01,Screening CV,0.1424568502795678
2008-12-01,Boosting 1,0.021282094029387084
2008-12-01,Boosting 5,0.10019037178177702
2008-12-01,Boosting 10,0.1430264738070303
2008-12-01,Boosting 25,0.1507957947931794
2008-12-01,Boosting 50,0.1485424496392393
2008-12-01,Boosting 100,0.1491413428004987
2008-12-01,Boosting 200,0.1520528164690032
2008-12-01,Boosting 300,0.14945039865534618
2008-12-01,Boosting CV,0.15492004592318576
2009-01-01,Screening 1,0.1449965435196051
2009-01-01,Screening 2,0.1321240062264758
2009-01-01,Screening 3,0.14214254237090757
2009-01-01,Screening 4,0.13154446621591492
2009-01-01,Screening 5,0.1377727479293039
2009-01-01,Screening 6,0.1516273978940909
2009-01-01,Screening 7,0.14715955992205318
2009-01-01,Screening 8,0.131170070463275
2009-01-01,Screening 9,0.12889050547400388
2009-01-01,Screening 10,0.14274417595805133
2009-01-01,Screening 11,0.13391907822156948
2009-01-01,Screening 12,0.1098324743313195
2009-01-01,Screening 13,0.10724869527210446
2009-01-01,Screening 14,0.11111262201520652
2009-01-01,Screening 15,0.13193414690989433
2009-01-01,Screening CV,0.1454293016829501
2009-01-01,Boosting 1,0.022032837849350406
2009-01-01,Boosting 5,0.10294055598945934
2009-01-01,Boosting 10,0.14708442322623638
2009-01-01,Boosting 25,0.15594982185593143
2009-01-01,Boosting 50,0.15369763807066963
2009-01-01,Boosting 100,0.15429738375005986
2009-01-01,Boosting 200,0.15712422131620163
2009-01-01,Boosting 300,0.15437654268461415
2009-01-01,Boosting CV,0.1600700354122655
2009-02-01,Screening 1,0.12669571943625074
2009-02-01,Screening 2,0.12881583757882725
2009-02-01,Screening 3,0.13376564937370186
2009-02-01,Screening 4,0.1252275278210062
2009-02-01,Screening 5,0.1280781892796755
2009-02-01,Screening 6,0.14340707924215765
2009-02-01,Screening 7,0.135889557536075
2009-02-01,Screening 8,0.12087802420659514
2009-02-01,Screening 9,0.11862747663673688
2009-02-01,Screening 10,0.1299320537797804
2009-02-01,Screening 11,0.12507841995166666
2009-02-01,Screening 12,0.10108297198323608
2009-02-01,Screening 13,0.10385008700927024
2009-02-01,Screening 14,0.10863131799743098
2009-02-01,Screening 15,0.13242709723419613
2009-02-01,Screening CV,0.13667979933486668
2009-02-01,Boosting 1,0.020354182092698198
2009-02-01,Boosting 5,0.09844435837260117
2009-02-01,Boosting 10,0.1438298645264291
2009-02-01,Boosting 25,0.1453307500986484
2009-02-01,Boosting 50,0.13194662927547007
2009-02-01,Boosting 100,0.13113242962358088
2009-02-01,Boosting 200,0.13220429957175145
2009-02-01,Boosting 300,0.1276087576008546
2009-02-01,Boosting CV,0.13591929327918592
2009-03-01,Screening 1,0.11071228507958353
2009-03-01,Screening 2,0.12251586176335294
2009-03-01,Screening 3,0.12808955499612737
2009-03-01,Screening 4,0.11848285957731973
2009-03-01,Screening 5,0.12153780573179342
2009-03-01,Screening 6,0.13599848812937798
2009-03-01,Screening 7,0.13058474111341453
2009-03-01,Screening 8,0.11105738710373023
2009-03-01,Screening 9,0.11058154106403624
2009-03-01,Screening 10,0.12255425556642238
2009-03-01,Screening 11,0.12161825378164953
2009-03-01,Screening 12,0.09777953281741322
2009-03-01,Screening 13,0.10122102312593327
2009-03-01,Screening 14,0.10622948547357627
2009-03-01,Screening 15,0.13132736553896668
2009-03-01,Screening CV,0.12863386376216604
2009-03-01,Boosting 1,0.01966457112580646
2009-03-01,Boosting 5,0.09684583857838439
2009-03-01,Boosting 10,0.1407389706952246
2009-03-01,Boosting 25,0.1405860292301434
2009-03-01,Boosting 50,0.12631387471946043
2009-03-01,Boosting 100,0.12660268962070248
2009-03-01,Boosting 200,0.12933033289581716
2009-03-01,Boosting 300,0.1262584714018339
2009-03-01,Boosting CV,0.13057101092092174
2009-04-01,Screening 1,0.1036443946422949
2009-04-01,Screening 2,0.12667983703812133
2009-04-01,Screening 3,0.1330045108831541
2009-04-01,Screening 4,0.12166254214711644
2009-04-01,Screening 5,0.12332647202399287
2009-04-01,Screening 6,0.14879447266286536
2009-04-01,Screening 7,0.14498035989858138
2009-04-01,Screening 8,0.12493417808994492
2009-04-01,Screening 9,0.1259516094986442
2009-04-01,Screening 10,0.13873323629087755
2009-04-01,Screening 11,0.12677148820449533
2009-04-01,Screening 12,0.10362270691920228
2009-04-01,Screening 13,0.10728053648922897
2009-04-01,Screening 14,0.11949397591210617
2009-04-01,Screening 15,0.14487740620669193
2009-04-01,Screening CV,0.1304225300543655
2009-04-01,Boosting 1,0.0189938567989388
2009-04-01,Boosting 5,0.09729328608727736
2009-04-01,Boosting 10,0.1416869316775946
2009-04-01,Boosting 25,0.14411281336132045
2009-04-01,Boosting 50,0.13154260053715552
2009-04-01,Boosting 100,0.13461071248759832
2009-04-01,Boosting 200,0.13926270525941842
2009-04-01,Boosting 300,0.1366617130788624
2009-04-01,Boosting CV,0.13839285156832884
2009-05-01,Screening 1,0.09980749597545407
2009-05-01,Screening 2,0.13249468517089083
2009-05-01,Screening 3,0.13946097156020584
2009-05-01,Screening 4,0.12797554365397698
2009-05-01,Screening 5,0.12970830963949936
2009-05-01,Screening 6,0.15483111289986057
2009-05-01,Screening 7,0.15910951150603056
2009-05-01,Screening 8,0.13940169609009703
2009-05-01,Screening 9,0.13971883973789603
2009-05-01,Screening 10,0.15165530393955956
2009-05-01,Screening 11,0.1396169459295129
2009-05-01,Screening 12,0.11698785629813646
2009-05-01,Screening 13,0.12081284048805477
2009-05-01,Screening 14,0.13621334404719226
2009-05-01,Screening 15,0.16198426121103185
2009-05-01,Screening CV,0.13680436766987197
2009-05-01,Boosting 1,0.018623728855139996
2009-05-01,Boosting 5,0.09840939944747375
2009-05-01,Boosting 10,0.14455275291796507
2009-05-01,Boosting 25,0.14885001710501772
2009-05-01,Boosting 50,0.14082339237737182
2009-05-01,Boosting 100,0.1478366968585334
2009-05-01,Boosting 200,0.1552551587588189
2009-05-01,Boosting 300,0.15395498766158044
2009-05-01,Boosting CV,0.15166501841403648
2009-06-01,Screening 1,0.09900168245369721
2009-06-01,Screening 2,0.12480687645741724
2009-06-01,Screening 3,0.13119557082452402
2009-06-01,Screening 4,0.11977865311091035
2009-06-01,Screening 5,0.12140780822757617
2009-06-01,Screening 6,0.14673133843028432
2009-06-01,Screening 7,0.15139774131476402
2009-06-01,Screening 8,0.13171046574470927
2009-06-01,Screening 9,0.12254853077359906
2009-06-01,Screening 10,0.13468194991950835
2009-06-01,Screening 11,0.1203621223192662
2009-06-01,Screening 12,0.0971527709592187
2009-06-01,Screening 13,0.10088185213554074
2009-06-01,Screening 14,0.11688394792568349
2009-06-01,Screening 15,0.14688211013609334
2009-06-01,Screening CV,0.11983101364982077
2009-06-01,Boosting 1,0.018544855308132824
2009-06-01,Boosting 5,0.09684423348029646
2009-06-01,Boosting 10,0.14126542886921428
2009-06-01,Boosting 25,0.14107740157444645
2009-06-01,Boosting 50,0.12834323378760712
2009-06-01,Boosting 100,0.12863989781358867
2009-06-01,Boosting 200,0.13157560452702766
2009-06-01,Boosting 300,0.12783716338050002
2009-06-01,Boosting CV,0.13997512575688706
2009-07-01,Screening 1,0.09950847636702935
2009-07-01,Screening 2,0.11618643019990858
2009-07-01,Screening 3,0.12567844866661287
2009-07-01,Screening 4,0.11405427631611119
2009-07-01,Screening 5,0.11578139139472299
2009-07-01,Screening 6,0.1349805343400119
2009-07-01,Screening 7,0.145722444528637
2009-07-01,Screening 8,0.1277794251453027
2009-07-01,Screening 9,0.12019674604058934
2009-07-01,Screening 10,0.13275185489707778
2009-07-01,Screening 11,0.11840723336303481
2009-07-01,Screening 12,0.09511733756527901
2009-07-01,Screening 13,0.0990182007272603
2009-07-01,Screening 14,0.1161797075064826
2009-07-01,Screening 15,0.14670358626312094
2009-07-01,Screening CV,0.1179009186273902
2009-07-01,Boosting 1,0.018596250202598922
2009-07-01,Boosting 5,0.09521758071551518
2009-07-01,Boosting 10,0.13759022602223744
2009-07-01,Boosting 25,0.1356704365401222
2009-07-01,Boosting 50,0.12477909486614262
2009-07-01,Boosting 100,0.12625084642611345
2009-07-01,Boosting 200,0.13055528340534073
2009-07-01,Boosting 300,0.12790129485964333
2009-07-01,Boosting CV,0.13767145605262482
2009-08-01,Screening 1,0.09856540186191573
2009-08-01,Screening 2,0.11194156142892897
2009-08-01,Screening 3,0.12105300546657122
2009-08-01,Screening 4,0.1094472334346388
2009-08-01,Screening 5,0.11111503710095079
2009-08-01,Screening 6,0.1303559827986937
2009-08-01,Screening 7,0.14112332856312565
2009-08-01,Screening 8,0.12337481653934734
2009-08-01,Screening 9,0.11595815412068726
2009-08-01,Screening 10,0.12851356484999557
2009-08-01,Screening 11,0.11201850545113785
2009-08-01,Screening 12,0.0886041341623084
2009-08-01,Screening 13,0.09163059553894333
2009-08-01,Screening 14,0.10883672180291552
2009-08-01,Screening 15,0.13875295056469186
2009-08-01,Screening CV,0.11366262858030801
2009-08-01,Boosting 1,0.018514629407291185
2009-08-01,Boosting 5,0.0944564048752662
2009-08-01,Boosting 10,0.13598025791290408
2009-08-01,Boosting 25,0.13224630386810216
2009-08-01,Boosting 50,0.11824417299755031
2009-08-01,Boosting 100,0.11664404781638574
2009-08-01,Boosting 200,0.11778282084806677
2009-08-01,Boosting 300,0.11352328265089451
2009-08-01,Boosting CV,0.1276986788371518
2009-09-01,Screening 1,0.100401841069011
2009-09-01,Screening 2,0.11640597059704856
2009-09-01,Screening 3,0.12568421098448718
2009-09-01,Screening 4,0.11406494175407761
2009-09-01,Screening 5,0.11575359397542927
2009-09-01,Screening 6,0.13497935873076383
2009-09-01,Screening 7,0.14568063130617298
2009-09-01,Screening 8,0.12784772561077107
2009-09-01,Screening 9,0.12070296265770072
2009-09-01,Screening 10,0.13403345948224987
2009-09-01,Screening 11,0.11753828944957885
2009-09-01,Screening 12,0.09410115812584227
2009-09-01,Screening 13,0.09705490428534967
2009-09-01,Screening 14,0.11424629342988617
2009-09-01,Screening 15,0.1443357798306089
2009-09-01,Screening CV,0.1191825232125623
2009-09-01,Boosting 1,0.01871410237961793
2009-09-01,Boosting 5,0.0958722320524923
2009-09-01,Boosting 10,0.13832059979888048
2009-09-01,Boosting 25,0.13596466726026152
2009-09-01,Boosting 50,0.12313854201770245
2009-09-01,Boosting 100,0.12211686782110438
2009-09-01,Boosting 200,0.12343672988621895
2009-09-01,Boosting 300,0.11923225715866119
2009-09-01,Boosting CV,0.13309898768541212
2009-10-01,Screening 1,0.10045147334331013
2009-10-01,Screening 2,0.11654359895804832
2009-10-01,Screening 3,0.12574611528434645
2009-10-01,Screening 4,0.11413240787511912
2009-10-01,Screening 5,0.11580809703844892
2009-10-01,Screening 6,0.13505056597956894
2009-10-01,Screening 7,0.14576925171536007
2009-10-01,Screening 8,0.12797048575899203
2009-10-01,Screening 9,0.12082732191123101
2009-10-01,Screening 10,0.1339032895009853
2009-10-01,Screening 11,0.11668323157477693
2009-10-01,Screening 12,0.09319417144720937
2009-10-01,Screening 13,0.09613902503809518
2009-10-01,Screening 14,0.11381924068756401
2009-10-01,Screening 15,0.14368728332239653
2009-10-01,Screening CV,0.1190523532312977
2009-10-01,Boosting 1,0.01871926879078308
2009-10-01,Boosting 5,0.0960627844598974
2009-10-01,Boosting 10,0.13860926035369028
2009-10-01,Boosting 25,0.13623434207241236
2009-10-01,Boosting 50,0.12324465340377848
2009-10-01,Boosting 100,0.12204180729892125
2009-10-01,Boosting 200,0.12315953799214775
2009-10-01,Boosting 300,0.11884386723360316
2009-10-01,Boosting CV,0.1330181946537489
2009-11-01,Screening 1,0.09886804971320932
2009-11-01,Screening 2,0.11066353623423615
2009-11-01,Screening 3,0.11941777041282219
2009-11-01,Screening 4,0.10783829930940687
2009-11-01,Screening 5,0.10945383719491386
2009-11-01,Screening 6,0.128739595814725
2009-11-01,Screening 7,0.13947977029190403
2009-11-01,Screening 8,0.12196314444672764
2009-11-01,Screening 9,0.11483979031841574
2009-11-01,Screening 10,0.1262709894407922
2009-11-01,Screening 11,0.10910400330861725
2009-11-01,Screening 12,0.08552958421188894
2009-11-01,Screening 13,0.08662733154956404
2009-11-01,Screening 14,0.10650766095248428
2009-11-01,Screening 15,0.13592297137166082
2009-11-01,Screening CV,0.11142005317110464
2009-11-01,Boosting 1,0.018575519409614674
2009-11-01,Boosting 5,0.09487438996865667
2009-11-01,Boosting 10,0.1362128477693566
2009-11-01,Boosting 25,0.13212780481256306
2009-11-01,Boosting 50,0.11775038792617204
2009-11-01,Boosting 100,0.11519847612167289
2009-11-01,Boosting 200,0.11570676008918784
2009-11-01,Boosting 300,0.11113097565256726
2009-11-01,Boosting CV,0.12625449105546213
2009-12-01,Screening 1,0.1000611176815911
2009-12-01,Screening 2,0.11236996832840032
2009-12-01,Screening 3,0.12111274455159782
2009-12-01,Screening 4,0.10953510861264515
2009-12-01,Screening 5,0.11114916307219036
2009-12-01,Screening 6,0.13043529423430106
2009-12-01,Screening 7,0.14117580211402034
2009-12-01,Screening 8,0.12366766909486804
2009-12-01,Screening 9,0.11654807598238981
2009-12-01,Screening 10,0.12797919665922924
2009-12-01,Screening 11,0.11078749409261032
2009-12-01,Screening 12,0.08722833310757215
2009-12-01,Screening 13,0.08832923585856668
2009-12-01,Screening 14,0.1080105895723537
2009-12-01,Screening 15,0.13740206676034475
2009-12-01,Screening CV,0.11312826038954168
2009-12-01,Boosting 1,0.018726034418623957
2009-12-01,Boosting 5,0.09566930357399406
2009-12-01,Boosting 10,0.1374363307015286
2009-12-01,Boosting 25,0.13376773452860355
2009-12-01,Boosting 50,0.1194583912417741
2009-12-01,Boosting 100,0.11689415861817186
2009-12-01,Boosting 200,0.11734062224810811
2009-12-01,Boosting 300,0.11268701403120676
2009-12-01,Boosting CV,0.12794885170900308
2010-01-01,Screening 1,0.09909987043341395
2010-01-01,Screening 2,0.11344410257346425
2010-01-01,Screening 3,0.1221959029977342
2010-01-01,Screening 4,0.11062239133039944
2010-01-01,Screening 5,0.11224169820706577
2010-01-01,Screening 6,0.1308467992822437
2010-01-01,Screening 7,0.141519412266542
2010-01-01,Screening 8,0.12348675230494145
2010-01-01,Screening 9,0.11726467944287013
2010-01-01,Screening 10,0.12866961833711385
2010-01-01,Screening 11,0.11168043611638408
2010-01-01,Screening 12,0.08830498353776986
2010-01-01,Screening 13,0.08942337298705096
2010-01-01,Screening 14,0.10910474999201336
2010-01-01,Screening 15,0.13848758549741672
2010-01-01,Screening CV,0.11381868206742628
2010-01-01,Boosting 1,0.018643432728336313
2010-01-01,Boosting 5,0.0959967412905324
2010-01-01,Boosting 10,0.13814536276071665
2010-01-01,Boosting 25,0.13482480686349785
2010-01-01,Boosting 50,0.12054031083655763
2010-01-01,Boosting 100,0.11795506813499976
2010-01-01,Boosting 200,0.11821937537872294
2010-01-01,Boosting 300,0.11352005966981495
2010-01-01,Boosting CV,0.12899904291708944
2010-02-01,Screening 1,0.10003289548336841
2010-02-01,Screening 2,0.11589489527654763
2010-02-01,Screening 3,0.12471467883392484
2010-02-01,Screening 4,0.113133297306533
2010-02-01,Screening 5,0.1147599187179123
2010-02-01,Screening 6,0.1333566953824941
2010-02-01,Screening 7,0.14399947329703408
2010-02-01,Screening 8,0.12595433346264218
2010-02-01,Screening 9,0.11980822043638104
2010-02-01,Screening 10,0.13121192969568873
2010-02-01,Screening 11,0.11438824512812194
2010-02-01,Screening 12,0.09084285773151501
2010-02-01,Screening 13,0.09199343672129624
2010-02-01,Screening 14,0.11166605163056324
2010-02-01,Screening 15,0.14088908683595405
2010-02-01,Screening CV,0.11636099342600116
2010-02-01,Boosting 1,0.018745542154206884
2010-02-01,Boosting 5,0.09684134057947826
2010-02-01,Boosting 10,0.1395170022672736
2010-02-01,Boosting 25,0.13697796881082402
2010-02-01,Boosting 50,0.12300524471100908
2010-02-01,Boosting 100,0.12054770239789842
2010-02-01,Boosting 200,0.12089592768689666
2010-02-01,Boosting 300,0.11623503212956172
2010-02-01,Boosting CV,0.13158959982382534
2010-03-01,Screening 1,0.10075229216107633
2010-03-01,Screening 2,0.11641434091535262
2010-03-01,Screening 3,0.12516673631183098
2010-03-01,Screening 4,0.11359369920526136
2010-03-01,Screening 5,0.11521321940182926
2010-03-01,Screening 6,0.13380968692390752
2010-03-01,Screening 7,0.14444844914508057
2010-03-01,Screening 8,0.12646246460350424
2010-03-01,Screening 9,0.11998561143240458
2010-03-01,Screening 10,0.13138202183394065
2010-03-01,Screening 11,0.11428977504745204
2010-03-01,Screening 12,0.09040344715802108
2010-03-01,Screening 13,0.09153227580008438
2010-03-01,Screening 14,0.11068086286041225
2010-03-01,Screening 15,0.1399990147170478
2010-03-01,Screening CV,0.11653108556425308
2010-03-01,Boosting 1,0.01885351781330133
2010-03-01,Boosting 5,0.09735290890857308
2010-03-01,Boosting 10,0.14024905746362107
2010-03-01,Boosting 25,0.13772490872389956
2010-03-01,Boosting 50,0.1236128839787899
2010-03-01,Boosting 100,0.12097937721607913
2010-03-01,Boosting 200,0.1210411420306676
2010-03-01,Boosting 300,0.11618261426729586
2010-03-01,Boosting CV,0.13191332336981956
2010-04-01,Screening 1,0.09687689814564841
2010-04-01,Screening 2,0.10416645344635747
2010-04-01,Screening 3,0.11216014413682641
2010-04-01,Screening 4,0.1006820801319349
2010-04-01,Screening 5,0.10221789125350918
2010-04-01,Screening 6,0.12088381846215544
2010-04-01,Screening 7,0.131545683023233
2010-04-01,Screening 8,0.1138667971716138
2010-04-01,Screening 9,0.11087455844371884
2010-04-01,Screening 10,0.12230189790476496
2010-04-01,Screening 11,0.10919964321546838
2010-04-01,Screening 12,0.08633699186604776
2010-04-01,Screening 13,0.08758109152520126
2010-04-01,Screening 14,0.10609990505555217
2010-04-01,Screening 15,0.13129197104754348
2010-04-01,Screening CV,0.10745096163507739
2010-04-01,Boosting 1,0.018481178048455057
2010-04-01,Boosting 5,0.09453096809242753
2010-04-01,Boosting 10,0.13481459617331512
2010-04-01,Boosting 25,0.1281820413826503
2010-04-01,Boosting 50,0.11105129492066539
2010-04-01,Boosting 100,0.10693856857352384
2010-04-01,Boosting 200,0.10726222343165183
2010-04-01,Boosting 300,0.10288743481168217
2010-04-01,Boosting CV,0.11737456229224529
2010-05-01,Screening 1,0.0956854934741417
2010-05-01,Screening 2,0.09927059225601292
2010-05-01,Screening 3,0.10631847942696496
2010-05-01,Screening 4,0.0949808605019835
2010-05-01,Screening 5,0.09643264079111838
2010-05-01,Screening 6,0.10665058764603987
2010-05-01,Screening 7,0.10549971484020239
2010-05-01,Screening 8,0.08745648964545272
2010-05-01,Screening 9,0.0844767160424875
2010-05-01,Screening 10,0.09593282395042298
2010-05-01,Screening 11,0.07268494915620011
2010-05-01,Screening 12,0.05207602268009139
2010-05-01,Screening 13,0.051954954864251314
2010-05-01,Screening 14,0.07021009856946056
2010-05-01,Screening 15,0.09606655461285636
2010-05-01,Screening CV,0.0810818876807354
2010-05-01,Boosting 1,0.018411080349920665
2010-05-01,Boosting 5,0.09390587820244178
2010-05-01,Boosting 10,0.13345031042299274
2010-05-01,Boosting 25,0.12457376308173983
2010-05-01,Boosting 50,0.10645084852411917
2010-05-01,Boosting 100,0.10071219871673773
2010-05-01,Boosting 200,0.09887056504501861
2010-05-01,Boosting 300,0.0925536995704228
2010-05-01,Boosting CV,0.11023820503964082
2010-06-01,Screening 1,0.09555607387470581
2010-06-01,Screening 2,0.09905630147917201
2010-06-01,Screening 3,0.10631959889284168
2010-06-01,Screening 4,0.09498869045073531
2010-06-01,Screening 5,0.09644083082637203
2010-06-01,Screening 6,0.10632751944347488
2010-06-01,Screening 7,0.10523099263480219
2010-06-01,Screening 8,0.087187717591712
2010-06-01,Screening 9,0.08407406876530187
2010-06-01,Screening 10,0.09564091065502234
2010-06-01,Screening 11,0.0725478644856435
2010-06-01,Screening 12,0.05208392520718352
2010-06-01,Screening 13,0.051954755174480796
2010-06-01,Screening 14,0.07021195372104444
2010-06-01,Screening 15,0.09603362174416592
2010-06-01,Screening CV,0.08078997438533476
2010-06-01,Boosting 1,0.018405187279779835
2010-06-01,Boosting 5,0.0939140346028547
2010-06-01,Boosting 10,0.13344842728414555
2010-06-01,Boosting 25,0.12458157648590566
2010-06-01,Boosting 50,0.10645715073047053
2010-06-01,Boosting 100,0.10071756089806662
2010-06-01,Boosting 200,0.09887481775291822
2010-06-01,Boosting 300,0.09255730431205285
2010-06-01,Boosting CV,0.11024163937394732
2010-07-01,Screening 1,0.09548520264672976
2010-07-01,Screening 2,0.09789460415213298
2010-07-01,Screening 3,0.10499548556705163
2010-07-01,Screening 4,0.09332991579240635
2010-07-01,Screening 5,0.0948104961626721
2010-07-01,Screening 6,0.105482333013924
2010-07-01,Screening 7,0.10278005279979402
2010-07-01,Screening 8,0.08476375640747
2010-07-01,Screening 9,0.0818123188066658
2010-07-01,Screening 10,0.093127316544663
2010-07-01,Screening 11,0.06778960108714986
2010-07-01,Screening 12,0.046069828617592644
2010-07-01,Screening 13,0.04557591921554729
2010-07-01,Screening 14,0.06380399588879127
2010-07-01,Screening 15,0.08854392453067526
2010-07-01,Screening CV,0.08071910315735871
2010-07-01,Boosting 1,0.018399795375283187
2010-07-01,Boosting 5,0.09378690643419371
2010-07-01,Boosting 10,0.13316337734433173
2010-07-01,Boosting 25,0.12388325196329075
2010-07-01,Boosting 50,0.10522562611154182
2010-07-01,Boosting 100,0.0991313446769327
2010-07-01,Boosting 200,0.09687194737002008
2010-07-01,Boosting 300,0.09081777615515058
2010-07-01,Boosting CV,0.11011451120528634
2010-08-01,Screening 1,0.09499729832536859
2010-08-01,Screening 2,0.09865523603434365
2010-08-01,Screening 3,0.10568773859869689
2010-08-01,Screening 4,0.09403439540346906
2010-08-01,Screening 5,0.09552831458101425
2010-08-01,Screening 6,0.10478512015071595
2010-08-01,Screening 7,0.10244425920560543
2010-08-01,Screening 8,0.08427024018091438
2010-08-01,Screening 9,0.08126963571859157
2010-08-01,Screening 10,0.09253063230157646
2010-08-01,Screening 11,0.06691934329156445
2010-08-01,Screening 12,0.04611252807699375
2010-08-01,Screening 13,0.04550944966869158
2010-08-01,Screening 14,0.06373958416135819
2010-08-01,Screening 15,0.08884904995894283
2010-08-01,Screening CV,0.08023119883599754
2010-08-01,Boosting 1,0.01835639046999239
2010-08-01,Boosting 5,0.0940881144029689
2010-08-01,Boosting 10,0.13365257483371484
2010-08-01,Boosting 25,0.12464776580734613
2010-08-01,Boosting 50,0.10599014527021863
2010-08-01,Boosting 100,0.09989670960280445
2010-08-01,Boosting 200,0.09763218181849177
2010-08-01,Boosting 300,0.09156503955928112
2010-08-01,Boosting CV,0.11061739523410793
2010-09-01,Screening 1,0.09637352456304202
2010-09-01,Screening 2,0.10243438291265153
2010-09-01,Screening 3,0.10962626651884896
2010-09-01,Screening 4,0.0979447034373207
2010-09-01,Screening 5,0.09958684448336742
2010-09-01,Screening 6,0.10775590717999511
2010-09-01,Screening 7,0.10610182099797286
2010-09-01,Screening 8,0.08766780818345558
2010-09-01,Screening 9,0.08466814525351278
2010-09-01,Screening 10,0.09600202823808096
2010-09-01,Screening 11,0.06960320677861033
2010-09-01,Screening 12,0.0491690605643002
2010-09-01,Screening 13,0.04887352034856584
2010-09-01,Screening 14,0.06709957814730026
2010-09-01,Screening 15,0.09244873384534463
2010-09-01,Screening CV,0.08160742507367097
2010-09-01,Boosting 1,0.018503149428626024
2010-09-01,Boosting 5,0.09523336056356253
2010-09-01,Boosting 10,0.13556342642036132
2010-09-01,Boosting 25,0.12765423521740035
2010-09-01,Boosting 50,0.10976757719367465
2010-09-01,Boosting 100,0.10285098160943398
2010-09-01,Boosting 200,0.0988529612111591
2010-09-01,Boosting 300,0.09068444877966815
2010-09-01,Boosting CV,0.11246393314311776
2010-10-01,Screening 1,0.09667353421294456
2010-10-01,Screening 2,0.10225582846883184
2010-10-01,Screening 3,0.10936212392790569
2010-10-01,Screening 4,0.09769476858873612
2010-10-01,Screening 5,0.09914232148259991
2010-10-01,Screening 6,0.10779733645740447
2010-10-01,Screening 7,0.1062384026644032
2010-10-01,Screening 8,0.08780671124262292
2010-10-01,Screening 9,0.08459554880047504
2010-10-01,Screening 10,0.09625913041857508
2010-10-01,Screening 11,0.0698098436731437
2010-10-01,Screening 12,0.04937565998432821
2010-10-01,Screening 13,0.048931420046485825
2010-10-01,Screening 14,0.06656165149852421
2010-10-01,Screening 15,0.09195028479370745
2010-10-01,Screening CV,0.08190743472357351
2010-10-01,Boosting 1,0.0185591492874862
2010-10-01,Boosting 5,0.09548179997227382
2010-10-01,Boosting 10,0.1358634735409758
2010-10-01,Boosting 25,0.12779010588095607
2010-10-01,Boosting 50,0.10947703989915814
2010-10-01,Boosting 100,0.1026850392840769
2010-10-01,Boosting 200,0.09897664598933698
2010-10-01,Boosting 300,0.09088507570002048
2010-10-01,Boosting CV,0.11276362538138868
2010-11-01,Screening 1,0.09764824122079549
2010-11-01,Screening 2,0.10410629729633343
2010-11-01,Screening 3,0.11124075588368498
2010-11-01,Screening 4,0.09956908974049651
2010-11-01,Screening 5,0.10101229951754252
2010-11-01,Screening 6,0.10966673814420658
2010-11-01,Screening 7,0.10810449236534829
2010-11-01,Screening 8,0.08967517137744409
2010-11-01,Screening 9,0.08645148176843888
2010-11-01,Screening 10,0.09812000646916087
2010-11-01,Screening 11,0.07167108083011475
2010-11-01,Screening 12,0.05123418064555469
2010-11-01,Screening 13,0.05084203537432769
2010-11-01,Screening 14,0.06848007009992647
2010-11-01,Screening 15,0.09367077734047126
2010-11-01,Screening CV,0.08288214173142444
2010-11-01,Boosting 1,0.018672008601003234
2010-11-01,Boosting 5,0.09619011298046032
2010-11-01,Boosting 10,0.13699157797602524
2010-11-01,Boosting 25,0.129436406105134
2010-11-01,Boosting 50,0.11132918314811507
2010-11-01,Boosting 100,0.10460180143264208
2010-11-01,Boosting 200,0.10080339822658925
2010-11-01,Boosting 300,0.09249142256041318
2010-11-01,Boosting CV,0.11385163320561748
2010-12-01,Screening 1,0.0968749677624227
2010-12-01,Screening 2,0.10157183789360752
2010-12-01,Screening 3,0.10851960073332184
2010-12-01,Screening 4,0.09687999655183832
2010-12-01,Screening 5,0.09835199091950968
2010-12-01,Screening 6,0.10699190958788313
2010-12-01,Screening 7,0.10544465700475354
2010-12-01,Screening 8,0.08709483027228758
2010-12-01,Screening 9,0.08330105639252529
2010-12-01,Screening 10,0.09506449325087682
2010-12-01,Screening 11,0.0684396559648598
2010-12-01,Screening 12,0.05065931277915687
2010-12-01,Screening 13,0.05028369427937208
2010-12-01,Screening 14,0.06782773211876593
2010-12-01,Screening 15,0.0929928216119432
2010-12-01,Screening CV,0.08210886827305165
2010-12-01,Boosting 1,0.018624534092166495
2010-12-01,Boosting 5,0.09583176623217597
2010-12-01,Boosting 10,0.13623449348871958
2010-12-01,Boosting 25,0.1277624105217086
2010-12-01,Boosting 50,0.10946804342364118
2010-12-01,Boosting 100,0.10239636023382705
2010-12-01,Boosting 200,0.09874266022547125
2010-12-01,Boosting 300,0.0906824062853264
2010-12-01,Boosting CV,0.1130945487183118
2011-01-01,Screening 1,0.09589230110549646
2011-01-01,Screening 2,0.09860993522360545
2011-01-01,Screening 3,0.10535624955389714
2011-01-01,Screening 4,0.09375664862602139
2011-01-01,Screening 5,0.09526379717126747
2011-01-01,Screening 6,0.10388899598668161
2011-01-01,Screening 7,0.102358728222382
2011-01-01,Screening 8,0.08409624850343818
2011-01-01,Screening 9,0.08049976126283462
2011-01-01,Screening 10,0.09223330086899953
2011-01-01,Screening 11,0.058731553512583766
2011-01-01,Screening 12,0.040738431302717835
2011-01-01,Screening 13,0.040168712488334285
2011-01-01,Screening 14,0.05838031232510226
2011-01-01,Screening 15,0.08175151439636659
2011-01-01,Screening CV,0.08112620161612541
2011-01-01,Boosting 1,0.01855455610300769
2011-01-01,Boosting 5,0.09534734594937419
2011-01-01,Boosting 10,0.13526503233964282
2011-01-01,Boosting 25,0.12574538144628233
2011-01-01,Boosting 50,0.1075441434999697
2011-01-01,Boosting 100,0.10014524143919995
2011-01-01,Boosting 200,0.09436741527058026
2011-01-01,Boosting 300,0.08439708283566535
2011-01-01,Boosting CV,0.11212508756923505
2011-02-01,Screening 1,0.10005920318476587
2011-02-01,Screening 2,0.10728128036499554
2011-02-01,Screening 3,0.11435785505665885
2011-02-01,Screening 4,0.10268401162572352
2011-02-01,Screening 5,0.10412572673607716
2011-02-01,Screening 6,0.11276731375798976
2011-02-01,Screening 7,0.11120534374036087
2011-02-01,Screening 8,0.09273102883374533
2011-02-01,Screening 9,0.08897064702866261
2011-02-01,Screening 10,0.10049556265083398
2011-02-01,Screening 11,0.06705840793518086
2011-02-01,Screening 12,0.04900375439824171
2011-02-01,Screening 13,0.05076386862455685
2011-02-01,Screening 14,0.06877918320640714
2011-02-01,Screening 15,0.09313986807592052
2011-02-01,Screening CV,0.08529310369539482
2011-02-01,Boosting 1,0.01899535988494361
2011-02-01,Boosting 5,0.09787157431947724
2011-02-01,Boosting 10,0.13952202150439294
2011-02-01,Boosting 25,0.13244899255953257
2011-02-01,Boosting 50,0.11566050635016004
2011-02-01,Boosting 100,0.10912190479368737
2011-02-01,Boosting 200,0.10449303206489086
2011-02-01,Boosting 300,0.09547771359064054
2011-02-01,Boosting CV,0.11638207673398517
2011-03-01,Screening 1,0.10084479792148869
2011-03-01,Screening 2,0.10930888784360876
2011-03-01,Screening 3,0.11644618600050559
2011-03-01,Screening 4,0.10476224880869346
2011-03-01,Screening 5,0.10619380002494157
2011-03-01,Screening 6,0.11483012286921337
2011-03-01,Screening 7,0.11325926427132542
2011-03-01,Screening 8,0.0947626681819492
2011-03-01,Screening 9,0.09102632658535363
2011-03-01,Screening 10,0.1025583174553563
2011-03-01,Screening 11,0.06936848912700914
2011-03-01,Screening 12,0.051307288380826384
2011-03-01,Screening 13,0.05306795899093143
2011-03-01,Screening 14,0.07106139823486729
2011-03-01,Screening 15,0.09545576389203274
2011-03-01,Screening CV,0.08607869843211764
2011-03-01,Boosting 1,0.019081216898392542
2011-03-01,Boosting 5,0.09855652631889482
2011-03-01,Boosting 10,0.14063991423049627
2011-03-01,Boosting 25,0.13418125742959108
2011-03-01,Boosting 50,0.1176121366074339
2011-03-01,Boosting 100,0.11122331222029525
2011-03-01,Boosting 200,0.10677820013113679
2011-03-01,Boosting 300,0.09779297130289902
2011-03-01,Boosting CV,0.11856674172732032
2011-04-01,Screening 1,0.09688538803859255
2011-04-01,Screening 2,0.10025627696421828
2011-04-01,Screening 3,0.10694825123647604
2011-04-01,Screening 4,0.09534003478782506
2011-04-01,Screening 5,0.09683776588961278
2011-04-01,Screening 6,0.10542797304316393
2011-04-01,Screening 7,0.10388748734985931
2011-04-01,Screening 8,0.08558438937696976
2011-04-01,Screening 9,0.08185314822877732
2011-04-01,Screening 10,0.09676580549548508
2011-04-01,Screening 11,0.06468554427605604
2011-04-01,Screening 12,0.045745771480353935
2011-04-01,Screening 13,0.047822033075689316
2011-04-01,Screening 14,0.06589730905992307
2011-04-01,Screening 15,0.0901120550466477
2011-04-01,Screening CV,0.0821192885492215
2011-04-01,Boosting 1,0.01871720628160906
2011-04-01,Boosting 5,0.09646754791823287
2011-04-01,Boosting 10,0.1368907044575551
2011-04-01,Boosting 25,0.12731829158920704
2011-04-01,Boosting 50,0.1085253087739325
2011-04-01,Boosting 100,0.10067899526692138
2011-04-01,Boosting 200,0.09571106669468586
2011-04-01,Boosting 300,0.08645152582163806
2011-04-01,Boosting CV,0.10787708576737859
2011-05-01,Screening 1,0.09470605214772325
2011-05-01,Screening 2,0.10233350529240341
2011-05-01,Screening 3,0.10940455186942147
2011-05-01,Screening 4,0.09792858531251121
2011-05-01,Screening 5,0.09945315307099409
2011-05-01,Screening 6,0.10829672816924836
2011-05-01,Screening 7,0.10669962649403533
2011-05-01,Screening 8,0.0884265249642747
2011-05-01,Screening 9,0.08470994846805244
2011-05-01,Screening 10,0.09953892526516796
2011-05-01,Screening 11,0.06676838842935431
2011-05-01,Screening 12,0.047973756846281405
2011-05-01,Screening 13,0.050067104618927695
2011-05-01,Screening 14,0.0681191839257929
2011-05-01,Screening 15,0.0923217345799264
2011-05-01,Screening CV,0.08489240831890438
2011-05-01,Boosting 1,0.01852451406995595
2011-05-01,Boosting 5,0.09689119162064247
2011-05-01,Boosting 10,0.1376614467524763
2011-05-01,Boosting 25,0.12927728857938195
2011-05-01,Boosting 50,0.11064268901933844
2011-05-01,Boosting 100,0.10287552840073456
2011-05-01,Boosting 200,0.09771125233840493
2011-05-01,Boosting 300,0.08835256717551117
2011-05-01,Boosting CV,0.10904727371891586
2011-06-01,Screening 1,0.09461215784602231
2011-06-01,Screening 2,0.10149998121093633
2011-06-01,Screening 3,0.10818614519787048
2011-06-01,Screening 4,0.09680182072527616
2011-06-01,Screening 5,0.09818955874766683
2011-06-01,Screening 6,0.10566579776390123
2011-06-01,Screening 7,0.10419782761819517
2011-06-01,Screening 8,0.08584976470410552
2011-06-01,Screening 9,0.08222567015630156
2011-06-01,Screening 10,0.0965025384774236
2011-06-01,Screening 11,0.06518414156051903
2011-06-01,Screening 12,0.04666412547202384
2011-06-01,Screening 13,0.04857248858591613
2011-06-01,Screening 14,0.06663531867100293
2011-06-01,Screening 15,0.09082579082189893
2011-06-01,Screening CV,0.08479851401720344
2011-06-01,Boosting 1,0.018521998692890417
2011-06-01,Boosting 5,0.09686724741351821
2011-06-01,Boosting 10,0.1374901100599338
2011-06-01,Boosting 25,0.1286283571026787
2011-06-01,Boosting 50,0.10982158808891442
2011-06-01,Boosting 100,0.10254996073209835
2011-06-01,Boosting 200,0.0977101351644356
2011-06-01,Boosting 300,0.0882636428096023
2011-06-01,Boosting CV,0.10871202947874975
2011-07-01,Screening 1,0.09149325801165366
2011-07-01,Screening 2,0.09175224310452393
2011-07-01,Screening 3,0.1037174986079713
2011-07-01,Screening 4,0.09170699858380336
2011-07-01,Screening 5,0.09345338964388852
2011-07-01,Screening 6,0.10113237098778996
2011-07-01,Screening 7,0.09988212680979633
2011-07-01,Screening 8,0.08164080539321367
2011-07-01,Screening 9,0.07822681141963775
2011-07-01,Screening 10,0.08783155570497009
2011-07-01,Screening 11,0.06058261420634395
2011-07-01,Screening 12,0.0426646026358681
2011-07-01,Screening 13,0.04368475301437142
2011-07-01,Screening 14,0.061830847054548436
2011-07-01,Screening 15,0.08603485973893452
2011-07-01,Screening CV,0.08167961418283479
2011-07-01,Boosting 1,0.018221674746143827
2011-07-01,Boosting 5,0.09461629872012456
2011-07-01,Boosting 10,0.1334800847963518
2011-07-01,Boosting 25,0.12428308613334539
2011-07-01,Boosting 50,0.10645547936799342
2011-07-01,Boosting 100,0.09586626375145287
2011-07-01,Boosting 200,0.08792607290278368
2011-07-01,Boosting 300,0.07738915632053683
2011-07-01,Boosting CV,0.10369560668540989
2011-08-01,Screening 1,0.0871686697849547
2011-08-01,Screening 2,0.08397775155461615
2011-08-01,Screening 3,0.09498349175626472
2011-08-01,Screening 4,0.08301805963868832
2011-08-01,Screening 5,0.0850279511476312
2011-08-01,Screening 6,0.09371681414750967
2011-08-01,Screening 7,0.09256846289234383
2011-08-01,Screening 8,0.07361892187662494
2011-08-01,Screening 9,0.0708145719232942
2011-08-01,Screening 10,0.07859516760148622
2011-08-01,Screening 11,0.04902916428019968
2011-08-01,Screening 12,0.0316295873293114
2011-08-01,Screening 13,0.017426593760022466
2011-08-01,Screening 14,0.03393737445423317
2011-08-01,Screening 15,0.05746391991025828
2011-08-01,Screening CV,0.07064459887627808
2011-08-01,Boosting 1,0.018489892110244023
2011-08-01,Boosting 5,0.09485444416833515
2011-08-01,Boosting 10,0.13278733035535817
2011-08-01,Boosting 25,0.11998133491130618
2011-08-01,Boosting 50,0.09881668807002408
2011-08-01,Boosting 100,0.08588301025139111
2011-08-01,Boosting 200,0.07603611034667211
2011-08-01,Boosting 300,0.0651711968581969
2011-08-01,Boosting CV,0.10317277340731809
2011-09-01,Screening 1,0.08687153520685827
2011-09-01,Screening 2,0.08159334860269735
2011-09-01,Screening 3,0.0918736893145754
2011-09-01,Screening 4,0.07997241970267588
2011-09-01,Screening 5,0.08230585607490531
2011-09-01,Screening 6,0.09177328559494921
2011-09-01,Screening 7,0.0906910274237204
2011-09-01,Screening 8,0.07182846756658823
2011-09-01,Screening 9,0.0692358805641497
2011-09-01,Screening 10,0.07709379226914305
2011-09-01,Screening 11,0.04691214870385497
2011-09-01,Screening 12,0.030412218192519366
2011-09-01,Screening 13,0.01070892468237817
2011-09-01,Screening 14,0.027171236016718586
2011-09-01,Screening 15,0.050460225089149824
2011-09-01,Screening CV,0.06942722973948605
2011-09-01,Boosting 1,0.01848459429042287
2011-09-01,Boosting 5,0.09468543569959681
2011-09-01,Boosting 10,0.1322013049319523
2011-09-01,Boosting 25,0.11844128895965308
2011-09-01,Boosting 50,0.09770213326308486
2011-09-01,Boosting 100,0.08557271901203489
2011-09-01,Boosting 200,0.07575607523385944
2011-09-01,Boosting 300,0.06466085572338462
2011-09-01,Boosting CV,0.10206465044808488
2011-10-01,Screening 1,0.08260176864158539
2011-10-01,Screening 2,0.08303706956822171
2011-10-01,Screening 3,0.09402331046989144
2011-10-01,Screening 4,0.08264010808289081
2011-10-01,Screening 5,0.08569189925413484
2011-10-01,Screening 6,0.09745317492162016
2011-10-01,Screening 7,0.09620030938949621
2011-10-01,Screening 8,0.07772439201062553
2011-10-01,Screening 9,0.07483737817085508
2011-10-01,Screening 10,0.08288437223240795
2011-10-01,Screening 11,0.05303106390695531
2011-10-01,Screening 12,0.03594097398770156
2011-10-01,Screening 13,0.016886215660367805
2011-10-01,Screening 14,0.03293338108812507
2011-10-01,Screening 15,0.05617795779924017
2011-10-01,Screening CV,0.07560452071747568
2011-10-01,Boosting 1,0.018087244902955612
2011-10-01,Boosting 5,0.09471597928431674
2011-10-01,Boosting 10,0.13289150706558
2011-10-01,Boosting 25,0.11936167352664649
2011-10-01,Boosting 50,0.09929807811261714
2011-10-01,Boosting 100,0.08954805698484608
2011-10-01,Boosting 200,0.08038921751861734
2011-10-01,Boosting 300,0.06910744534384564
2011-10-01,Boosting CV,0.10280680519864074
2011-11-01,Screening 1,0.08201386878685434
2011-11-01,Screening 2,0.08306444276847459
2011-11-01,Screening 3,0.09403034235733473
2011-11-01,Screening 4,0.08265798401426067
2011-11-01,Screening 5,0.08557962239580028
2011-11-01,Screening 6,0.0974763095010717
2011-11-01,Screening 7,0.09622083285902634
2011-11-01,Screening 8,0.07774573511534383
2011-11-01,Screening 9,0.07481509842782737
2011-11-01,Screening 10,0.08290872668779022
2011-11-01,Screening 11,0.05295764119681229
2011-11-01,Screening 12,0.0358613901022581
2011-11-01,Screening 13,0.015166865424740484
2011-11-01,Screening 14,0.031232750197200055
2011-11-01,Screening 15,0.05475713869333533
2011-11-01,Screening CV,0.07501662086274463
2011-11-01,Boosting 1,0.018062687333822425
2011-11-01,Boosting 5,0.09471613402885169
2011-11-01,Boosting 10,0.13291491000188219
2011-11-01,Boosting 25,0.11938990782087575
2011-11-01,Boosting 50,0.09927960910326165
2011-11-01,Boosting 100,0.0888802742180004
2011-11-01,Boosting 200,0.080011365031109
2011-11-01,Boosting 300,0.068972532444723
2011-11-01,Boosting CV,0.10282464322371576
2011-12-01,Screening 1,0.0820448090445549
2011-12-01,Screening 2,0.08188863113151265
2011-12-01,Screening 3,0.0937847956179072
2011-12-01,Screening 4,0.08234987171376995
2011-12-01,Screening 5,0.08519510644960952
2011-12-01,Screening 6,0.09750276818419286
2011-12-01,Screening 7,0.0962468981433347
2011-12-01,Screening 8,0.07771497624723595
2011-12-01,Screening 9,0.07477410047328975
2011-12-01,Screening 10,0.0821895216258602
2011-12-01,Screening 11,0.052064832254522415
2011-12-01,Screening 12,0.034966732654491135
2011-12-01,Screening 13,0.014771589903174995
2011-12-01,Screening 14,0.030745460500661764
2011-12-01,Screening 15,0.053809318033675425
2011-12-01,Screening CV,0.07504756112044521
2011-12-01,Boosting 1,0.018070046999945175
2011-12-01,Boosting 5,0.09460757076755899
2011-12-01,Boosting 10,0.13271683311364815
2011-12-01,Boosting 25,0.11917105986666633
2011-12-01,Boosting 50,0.09920362547813424
2011-12-01,Boosting 100,0.08886782014003118
2011-12-01,Boosting 200,0.07944467911981176
2011-12-01,Boosting 300,0.06815463413027979
2011-12-01,Boosting CV,0.10263739938401233
2012-01-01,Screening 1,0.08201097234526018
2012-01-01,Screening 2,0.08122199521355088
2012-01-01,Screening 3,0.09258538936036564
2012-01-01,Screening 4,0.08074732822463516
2012-01-01,Screening 5,0.08349266001650393
2012-01-01,Screening 6,0.0974775990585144
2012-01-01,Screening 7,0.09621829795763033
2012-01-01,Screening 8,0.07773637284389436
2012-01-01,Screening 9,0.07479606191145377
2012-01-01,Screening 10,0.08218825921088177
2012-01-01,Screening 11,0.05205910883698816
2012-01-01,Screening 12,0.03496546703697289
2012-01-01,Screening 13,0.01413239069173038
2012-01-01,Screening 14,0.030152255357158913
2012-01-01,Screening 15,0.05357820840151945
2012-01-01,Screening CV,0.07504629870546677
2012-01-01,Boosting 1,0.018096016020395962
2012-01-01,Boosting 5,0.0945517613155597
2012-01-01,Boosting 10,0.1324700355946084
2012-01-01,Boosting 25,0.11846145948364677
2012-01-01,Boosting 50,0.09853839167698271
2012-01-01,Boosting 100,0.08857002352183323
2012-01-01,Boosting 200,0.07936770751846746
2012-01-01,Boosting 300,0.06800125453476391
2012-01-01,Boosting CV,0.10227634034119414
2012-02-01,Screening 1,0.08266016612268481
2012-02-01,Screening 2,0.0818442084525366
2012-02-01,Screening 3,0.09315303033041633
2012-02-01,Screening 4,0.0813315506692692
2012-02-01,Screening 5,0.08409869932818603
2012-02-01,Screening 6,0.09808249343140872
2012-02-01,Screening 7,0.09680341077013976
2012-02-01,Screening 8,0.0781984531746499
2012-02-01,Screening 9,0.07527448042598103
2012-02-01,Screening 10,0.08276789830978144
2012-02-01,Screening 11,0.05261558458650513
2012-02-01,Screening 12,0.03553594930988624
2012-02-01,Screening 13,0.014642061132809418
2012-02-01,Screening 14,0.030555514055776726
2012-02-01,Screening 15,0.05371222731881329
2012-02-01,Screening CV,0.07562593780436645
2012-02-01,Boosting 1,0.01819016383680769
2012-02-01,Boosting 5,0.09498713087158114
2012-02-01,Boosting 10,0.13311253288771419
2012-02-01,Boosting 25,0.11919028217291042
2012-02-01,Boosting 50,0.09901589349826889
2012-02-01,Boosting 100,0.08803939214259181
2012-02-01,Boosting 200,0.07788563500854064
2012-02-01,Boosting 300,0.06626420575230031
2012-02-01,Boosting CV,0.10298307468477118
2012-03-01,Screening 1,0.08129132164861973
2012-03-01,Screening 2,0.08299005610874136
2012-03-01,Screening 3,0.09339255747795117
2012-03-01,Screening 4,0.0816512551079382
2012-03-01,Screening 5,0.08451618507866167
2012-03-01,Screening 6,0.0966580233118203
2012-03-01,Screening 7,0.09537151721191411
2012-03-01,Screening 8,0.0767318622277105
2012-03-01,Screening 9,0.0737628104931966
2012-03-01,Screening 10,0.08167333650982589
2012-03-01,Screening 11,0.051544562988942014
2012-03-01,Screening 12,0.03444925018587769
2012-03-01,Screening 13,0.01439860543362114
2012-03-01,Screening 14,0.030251734774946824
2012-03-01,Screening 15,0.05326275217638035
2012-03-01,Screening CV,0.0745313760044109
2012-03-01,Boosting 1,0.01807371039482952
2012-03-01,Boosting 5,0.09523895288693611
2012-03-01,Boosting 10,0.13349840092000861
2012-03-01,Boosting 25,0.11948703017857887
2012-03-01,Boosting 50,0.09819017597613591
2012-03-01,Boosting 100,0.08528779555866059
2012-03-01,Boosting 200,0.07435444929462412
2012-03-01,Boosting 300,0.06264905288636241
2012-03-01,Boosting CV,0.1033689427170656
2012-04-01,Screening 1,0.07881227522428372
2012-04-01,Screening 2,0.07572258958129365
2012-04-01,Screening 3,0.09120382454620818
2012-04-01,Screening 4,0.08027581276364955
2012-04-01,Screening 5,0.08331361243101283
2012-04-01,Screening 6,0.09349225277240622
2012-04-01,Screening 7,0.09220008820874004
2012-04-01,Screening 8,0.07303215032834331
2012-04-01,Screening 9,0.07025890780034705
2012-04-01,Screening 10,0.07276040119905125
2012-04-01,Screening 11,0.04206937121015213
2012-04-01,Screening 12,0.024890103373522206
2012-04-01,Screening 13,0.005981667699606118
2012-04-01,Screening 14,0.022111782107276202
2012-04-01,Screening 15,0.04498700333378414
2012-04-01,Screening CV,0.06505618422562102
2012-04-01,Boosting 1,0.017839508120401255
2012-04-01,Boosting 5,0.09358967480455628
2012-04-01,Boosting 10,0.1313835786821422
2012-04-01,Boosting 25,0.1178359067229144
2012-04-01,Boosting 50,0.09422053084061563
2012-04-01,Boosting 100,0.0776152198990947
2012-04-01,Boosting 200,0.06441536990475058
2012-04-01,Boosting 300,0.052428120326054095
2012-04-01,Boosting CV,0.10111733437673498
2012-05-01,Screening 1,0.07487957250521818
2012-05-01,Screening 2,0.081691201800457
2012-05-01,Screening 3,0.0994726196684989
2012-05-01,Screening 4,0.08783816555219862
2012-05-01,Screening 5,0.08962515498526273
2012-05-01,Screening 6,0.0977230720953998
2012-05-01,Screening 7,0.09651986191909477
2012-05-01,Screening 8,0.07710489692664971
2012-05-01,Screening 9,0.07521899195177763
2012-05-01,Screening 10,0.07750912395971742
2012-05-01,Screening 11,0.0482927713581146
2012-05-01,Screening 12,0.03155583764937885
2012-05-01,Screening 13,0.01266263403415672
2012-05-01,Screening 14,0.029122293869819814
2012-05-01,Screening 15,0.052005099411037974
2012-05-01,Screening CV,0.07127958437358349
2012-05-01,Boosting 1,0.017460991960053494
2012-05-01,Boosting 5,0.09472151525705673
2012-05-01,Boosting 10,0.13463284493673805
2012-05-01,Boosting 25,0.12277891315468491
2012-05-01,Boosting 50,0.09758921109117405
2012-05-01,Boosting 100,0.0780757422185947
2012-05-01,Boosting 200,0.06483886411854126
2012-05-01,Boosting 300,0.05340765695884302
2012-05-01,Boosting CV,0.10418395959702512
2012-06-01,Screening 1,0.07516604370155597
2012-06-01,Screening 2,0.07692605687771448
2012-06-01,Screening 3,0.09288770142881675
2012-06-01,Screening 4,0.08168550282664391
2012-06-01,Screening 5,0.0841020894673671
2012-06-01,Screening 6,0.09346960911435367
2012-06-01,Screening 7,0.09209260559862481
2012-06-01,Screening 8,0.07282155774619901
2012-06-01,Screening 9,0.07110915315424209
2012-06-01,Screening 10,0.07272964115058868
2012-06-01,Screening 11,0.04334023295585852
2012-06-01,Screening 12,0.02654744847708984
2012-06-01,Screening 13,0.007649710948167824
2012-06-01,Screening 14,0.024101879551246475
2012-06-01,Screening 15,0.04697870940887735
2012-06-01,Screening CV,0.07156605556992128
2012-06-01,Boosting 1,0.017490200472130055
2012-06-01,Boosting 5,0.0938000587472975
2012-06-01,Boosting 10,0.13245764630667034
2012-06-01,Boosting 25,0.11858257026903568
2012-06-01,Boosting 50,0.09436619640391057
2012-06-01,Boosting 100,0.07496907925820066
2012-06-01,Boosting 200,0.06185889480128549
2012-06-01,Boosting 300,0.050480279229874817
2012-06-01,Boosting CV,0.10015499695858313
2012-07-01,Screening 1,0.07637982588144684
2012-07-01,Screening 2,0.07948198188935139
2012-07-01,Screening 3,0.09557807620195824
2012-07-01,Screening 4,0.08461831856608659
2012-07-01,Screening 5,0.08711752194459782
2012-07-01,Screening 6,0.09646094000640473
2012-07-01,Screening 7,0.09508194050697585
2012-07-01,Screening 8,0.07578847036396887
2012-07-01,Screening 9,0.0740942796538778
2012-07-01,Screening 10,0.07574780034555198
2012-07-01,Screening 11,0.04632673935675201
2012-07-01,Screening 12,0.029584896289459203
2012-07-01,Screening 13,0.010657357714627669
2012-07-01,Screening 14,0.027106456245506776
2012-07-01,Screening 15,0.04998257047745882
2012-07-01,Screening CV,0.07277983774981214
2012-07-01,Boosting 1,0.01762532035565092
2012-07-01,Boosting 5,0.09465720101588534
2012-07-01,Boosting 10,0.1339304557870186
2012-07-01,Boosting 25,0.12092930179471466
2012-07-01,Boosting 50,0.09734654957897024
2012-07-01,Boosting 100,0.07802576242121537
2012-07-01,Boosting 200,0.06490104881209352
2012-07-01,Boosting 300,0.053490435302149766
2012-07-01,Boosting CV,0.10230371483777603
2012-08-01,Screening 1,0.07582178709889488
2012-08-01,Screening 2,0.07753864791513372
2012-08-01,Screening 3,0.09335281195509063
2012-08-01,Screening 4,0.08249967104952535
2012-08-01,Screening 5,0.08410118483203166
2012-08-01,Screening 6,0.09455005380420171
2012-08-01,Screening 7,0.09317033093130371
2012-08-01,Screening 8,0.0738708174626056
2012-08-01,Screening 9,0.07181082579519973
2012-08-01,Screening 10,0.07297261003669459
2012-08-01,Screening 11,0.04453823864652369
2012-08-01,Screening 12,0.027585922571614588
2012-08-01,Screening 13,0.00865855718681788
2012-08-01,Screening 14,0.0201982260554556
2012-08-01,Screening 15,0.04275938817304979
2012-08-01,Screening CV,0.07222179896726018
2012-08-01,Boosting 1,0.017594245957014382
2012-08-01,Boosting 5,0.09440483400509808
2012-08-01,Boosting 10,0.13334525563731006
2012-08-01,Boosting 25,0.11935127268824955
2012-08-01,Boosting 50,0.09433630421147203
2012-08-01,Boosting 100,0.07427378600382756
2012-08-01,Boosting 200,0.06049064709134869
2012-08-01,Boosting 300,0.0487232728357124
2012-08-01,Boosting CV,0.1016349429480385
2012-09-01,Screening 1,0.07367946819959577
2012-09-01,Screening 2,0.07978342008610996
2012-09-01,Screening 3,0.0933825159199582
2012-09-01,Screening 4,0.08279952028499858
2012-09-01,Screening 5,0.08359826118518249
2012-09-01,Screening 6,0.09289316665264194
2012-09-01,Screening 7,0.09150331413104047
2012-09-01,Screening 8,0.07190693586258048
2012-09-01,Screening 9,0.06923156985291501
2012-09-01,Screening 10,0.06830206323510746
2012-09-01,Screening 11,0.04024721405664824
2012-09-01,Screening 12,0.023682950443624996
2012-09-01,Screening 13,0.004758696017573962
2012-09-01,Screening 14,0.011954360417168604
2012-09-01,Screening 15,0.03451718222615191
2012-09-01,Screening CV,0.07007948006796107
2012-09-01,Boosting 1,0.017399705523762268
2012-09-01,Boosting 5,0.09485375288155096
2012-09-01,Boosting 10,0.13346738013161696
2012-09-01,Boosting 25,0.11923865419252425
2012-09-01,Boosting 50,0.09217763835511009
2012-09-01,Boosting 100,0.07137621566606828
2012-09-01,Boosting 200,0.05744118103095993
2012-09-01,Boosting 300,0.045649606933737215
2012-09-01,Boosting CV,0.10186728903591633
2012-10-01,Screening 1,0.07226746900185432
2012-10-01,Screening 2,0.08097271916762229
2012-10-01,Screening 3,0.09482752398720977
2012-10-01,Screening 4,0.0841717487545483
2012-10-01,Screening 5,0.08491252657736963
2012-10-01,Screening 6,0.09395129240533194
2012-10-01,Screening 7,0.09255809765266626
2012-10-01,Screening 8,0.07295053022504586
2012-10-01,Screening 9,0.07005360875456959
2012-10-01,Screening 10,0.06930762224408145
2012-10-01,Screening 11,0.040445074806192714
2012-10-01,Screening 12,0.02404355971133649
2012-10-01,Screening 13,0.004814366420213044
2012-10-01,Screening 14,0.01197424606295225
2012-10-01,Screening 15,0.034543271521185456
2012-10-01,Screening CV,0.06866748087021962
2012-10-01,Boosting 1,0.01727901918110897
2012-10-01,Boosting 5,0.09511394378237617
2012-10-01,Boosting 10,0.13417114648505613
2012-10-01,Boosting 25,0.12039482526293524
2012-10-01,Boosting 50,0.09308574546668562
2012-10-01,Boosting 100,0.07204466146447686
2012-10-01,Boosting 200,0.057889235451521776
2012-10-01,Boosting 300,0.0459191900874811
2012-10-01,Boosting CV,0.1024205950916884
2012-11-01,Screening 1,0.07233599143453702
2012-11-01,Screening 2,0.0805155661771008
2012-11-01,Screening 3,0.0948959422246731
2012-11-01,Screening 4,0.08423657341013993
2012-11-01,Screening 5,0.08498308926510922
2012-11-01,Screening 6,0.09402195688148685
2012-11-01,Screening 7,0.09262876894686924
2012-11-01,Screening 8,0.07301151662868385
2012-11-01,Screening 9,0.07007297163716518
2012-11-01,Screening 10,0.06933491577951777
2012-11-01,Screening 11,0.04046014298996917
2012-11-01,Screening 12,0.023752265395965807
2012-11-01,Screening 13,0.004338209462018089
2012-11-01,Screening 14,0.011342171143292628
2012-11-01,Screening 15,0.03391730760264345
2012-11-01,Screening CV,0.06873600330290232
2012-11-01,Boosting 1,0.017294654205097865
2012-11-01,Boosting 5,0.09518425810528566
2012-11-01,Boosting 10,0.1342285714121383
2012-11-01,Boosting 25,0.12046504661141227
2012-11-01,Boosting 50,0.0930861060422925
2012-11-01,Boosting 100,0.07185905696662112
2012-11-01,Boosting 200,0.05739685515846958
2012-11-01,Boosting 300,0.045134996028346204
2012-11-01,Boosting CV,0.10249127465820324
2012-12-01,Screening 1,0.07403944734338701
2012-12-01,Screening 2,0.08394124371832128
2012-12-01,Screening 3,0.09850932620433221
2012-12-01,Screening 4,0.08828408695652719
2012-12-01,Screening 5,0.08893828715958586
2012-12-01,Screening 6,0.09750923631660358
2012-12-01,Screening 7,0.09614004093236743
2012-12-01,Screening 8,0.07668922218498991
2012-12-01,Screening 9,0.0739260821383048
2012-12-01,Screening 10,0.07324962711069638
2012-12-01,Screening 11,0.04399532129790845
2012-12-01,Screening 12,0.023069443399552993
2012-12-01,Screening 13,0.003908452589500048
2012-12-01,Screening 14,0.010903645296382115
2012-12-01,Screening 15,0.03365202727962256
2012-12-01,Screening CV,0.0704394592117523
2012-12-01,Boosting 1,0.01748348621809346
2012-12-01,Boosting 5,0.09629301553302345
2012-12-01,Boosting 10,0.1361414888327946
2012-12-01,Boosting 25,0.1235277410288099
2012-12-01,Boosting 50,0.09706755763814434
2012-12-01,Boosting 100,0.07621072785773372
2012-12-01,Boosting 200,0.06182007551515394
2012-12-01,Boosting 300,0.04955642163547168
2012-12-01,Boosting CV,0.10475348472364715
2013-01-01,Screening 1,0.0735992236952226
2013-01-01,Screening 2,0.08218613423456145
2013-01-01,Screening 3,0.0964850320999522
2013-01-01,Screening 4,0.08639025183921209
2013-01-01,Screening 5,0.0870801339695072
2013-01-01,Screening 6,0.09565368210548732
2013-01-01,Screening 7,0.09415810500264242
2013-01-01,Screening 8,0.07489546964110178
2013-01-01,Screening 9,0.07199728339764944
2013-01-01,Screening 10,0.07140359440437241
2013-01-01,Screening 11,0.0434903179425089
2013-01-01,Screening 12,0.022587390579074065
2013-01-01,Screening 13,0.0035131389003654075
2013-01-01,Screening 14,0.010544325878702125
2013-01-01,Screening 15,0.03330325154192431
2013-01-01,Screening CV,0.06999923556358789
2013-01-01,Boosting 1,0.017459763728476914
2013-01-01,Boosting 5,0.09608010041219496
2013-01-01,Boosting 10,0.13562702839702112
2013-01-01,Boosting 25,0.12233467395357497
2013-01-01,Boosting 50,0.09564009161110087
2013-01-01,Boosting 100,0.07463750157172146
2013-01-01,Boosting 200,0.06033066778312539
2013-01-01,Boosting 300,0.04813463056073919
2013-01-01,Boosting CV,0.10416778100880472
2013-02-01,Screening 1,0.07265166136035603
2013-02-01,Screening 2,0.08302298624953515
2013-02-01,Screening 3,0.0967086989582814
2013-02-01,Screening 4,0.08672776054085399
2013-02-01,Screening 5,0.08726360294722055
2013-02-01,Screening 6,0.09654325831890101
2013-02-01,Screening 7,0.09504761891938099
2013-02-01,Screening 8,0.07578383397330517
2013-02-01,Screening 9,0.07288718874142605
2013-02-01,Screening 10,0.07226850681694674
2013-02-01,Screening 11,0.0443802286238994
2013-02-01,Screening 12,0.023316809177144522
2013-02-01,Screening 13,0.00426721204634591
2013-02-01,Screening 14,0.01130451169012214
2013-02-01,Screening 15,0.034083759212278276
2013-02-01,Screening CV,0.07086414797616224
2013-02-01,Boosting 1,0.01738029794169982
2013-02-01,Boosting 5,0.09630562355953584
2013-02-01,Boosting 10,0.13594897775719764
2013-02-01,Boosting 25,0.1226355370599046
2013-02-01,Boosting 50,0.09548837442190616
2013-02-01,Boosting 100,0.07414363327628172
2013-02-01,Boosting 200,0.05966625912823672
2013-02-01,Boosting 300,0.04731270618288349
2013-02-01,Boosting CV,0.10444436227725085
2013-03-01,Screening 1,0.0718598810584045
2013-03-01,Screening 2,0.08055401793266069
2013-03-01,Screening 3,0.09613757156240767
2013-03-01,Screening 4,0.08651758872436927
2013-03-01,Screening 5,0.08705624071032027
2013-03-01,Screening 6,0.09596144843236556
2013-03-01,Screening 7,0.09446365444918293
2013-03-01,Screening 8,0.07496133188074658
2013-03-01,Screening 9,0.07194111454072467
2013-03-01,Screening 10,0.07012629932846584
2013-03-01,Screening 11,0.04228696004133348
2013-03-01,Screening 12,0.021604121169753954
2013-03-01,Screening 13,0.0023873621556501955
2013-03-01,Screening 14,0.009380588221395317
2013-03-01,Screening 15,0.032210183381379126
2013-03-01,Screening CV,0.068721940487681335
2013-03-01,Boosting 1,0.017326611086694227
2013-03-01,Boosting 5,0.09592553229390084
2013-03-01,Boosting 10,0.13542497564240674
2013-03-01,Boosting 25,0.12212735874092881
2013-03-01,Boosting 50,0.09519291528522951
2013-03-01,Boosting 100,0.07393405968185801
2013-03-01,Boosting 200,0.059373041680320364
2013-03-01,Boosting 300,0.04692370615303457
2013-03-01,Boosting CV,0.10412695690028709
2013-04-01,Screening 1,0.07215080368552697
2013-04-01,Screening 2,0.07902794430801009
2013-04-01,Screening 3,0.0958785980648344
2013-04-01,Screening 4,0.08664405267418619
2013-04-01,Screening 5,0.08711817608936129
2013-04-01,Screening 6,0.09626461868498203
2013-04-01,Screening 7,0.09476683882080433
2013-04-01,Screening 8,0.07529832389495676
2013-04-01,Screening 9,0.07230278263194956
2013-04-01,Screening 10,0.07026615218694816
2013-04-01,Screening 11,0.04249743715971193
2013-04-01,Screening 12,0.021928640557382327
2013-04-01,Screening 13,0.002732382221874673
2013-04-01,Screening 14,0.00972787310597223
2013-04-01,Screening 15,0.032500580516097166
2013-04-01,Screening CV,0.06886179334616364
2013-04-01,Boosting 1,0.01736553394637527
2013-04-01,Boosting 5,0.0957259506638234
2013-04-01,Boosting 10,0.13529843071632044
2013-04-01,Boosting 25,0.12181168463348481
2013-04-01,Boosting 50,0.09490875488928664
2013-04-01,Boosting 100,0.07381531812590383
2013-04-01,Boosting 200,0.05938474889554094
2013-04-01,Boosting 300,0.046927600590662456
2013-04-01,Boosting CV,0.10388816052770658
2013-05-01,Screening 1,0.07205826047830831
2013-05-01,Screening 2,0.07845022501368919
2013-05-01,Screening 3,0.0947200883755737
2013-05-01,Screening 4,0.08573094714073819
2013-05-01,Screening 5,0.08611932468784113
2013-05-01,Screening 6,0.09603797866747632
2013-05-01,Screening 7,0.09453804301179819
2013-05-01,Screening 8,0.07503385569616083
2013-05-01,Screening 9,0.07179791241589298
2013-05-01,Screening 10,0.0697628736945818
2013-05-01,Screening 11,0.04171627741946458
2013-05-01,Screening 12,0.021876655147109732
2013-05-01,Screening 13,0.0026839990052461913
2013-05-01,Screening 14,0.009679675686409773
2013-05-01,Screening 15,0.03248240013609096
2013-05-01,Screening CV,0.06835851485379728
2013-05-01,Boosting 1,0.01737355537123333
2013-05-01,Boosting 5,0.09568748930931333
2013-05-01,Boosting 10,0.13510545182029304
2013-05-01,Boosting 25,0.12116719612722218
2013-05-01,Boosting 50,0.09388604605379543
2013-05-01,Boosting 100,0.07277627588314316
2013-05-01,Boosting 200,0.058264054139496035
2013-05-01,Boosting 300,0.0458690363098544
2013-05-01,Boosting CV,0.10383312992810523
2013-06-01,Screening 1,0.07317343400591944
2013-06-01,Screening 2,0.08217316454955369
2013-06-01,Screening 3,0.09880043866848773
2013-06-01,Screening 4,0.09075372824930635
2013-06-01,Screening 5,0.09107577881722893
2013-06-01,Screening 6,0.10217590692520129
2013-06-01,Screening 7,0.10067614543164216
2013-06-01,Screening 8,0.08121219177815475
2013-06-01,Screening 9,0.07788874303911525
2013-06-01,Screening 10,0.07553256578858303
2013-06-01,Screening 11,0.04715744998782766
2013-06-01,Screening 12,0.025546297771975694
2013-06-01,Screening 13,0.006090798728634887
2013-06-01,Screening 14,0.013076392708818697
2013-06-01,Screening 15,0.035857624567476896
2013-06-01,Screening CV,0.06947368838140841
2013-06-01,Boosting 1,0.017489925837183784
2013-06-01,Boosting 5,0.0967435653288017
2013-06-01,Boosting 10,0.1370323690816445
2013-06-01,Boosting 25,0.12429554548484938
2013-06-01,Boosting 50,0.09715898622098207
2013-06-01,Boosting 100,0.0764145726859258
2013-06-01,Boosting 200,0.061508866442598766
2013-06-01,Boosting 300,0.048434597916134574
2013-06-01,Boosting CV,0.10570235904532903
2013-07-01,Screening 1,0.07315834990510502
2013-07-01,Screening 2,0.08142371831245537
2013-07-01,Screening 3,0.09785590166060569
2013-07-01,Screening 4,0.08992904377736216
2013-07-01,Screening 5,0.09025781922496971
2013-07-01,Screening 6,0.10133510398039396
2013-07-01,Screening 7,0.09987547947981298
2013-07-01,Screening 8,0.08041566236500568
2013-07-01,Screening 9,0.07711130547047607
2013-07-01,Screening 10,0.07456099582238147
2013-07-01,Screening 11,0.04606156781029944
2013-07-01,Screening 12,0.024356185483643763
2013-07-01,Screening 13,0.004954650554715287
2013-07-01,Screening 14,0.011934287389243563
2013-07-01,Screening 15,0.03473541076238786
2013-07-01,Screening CV,0.069458604280594
2013-07-01,Boosting 1,0.017512625088094255
2013-07-01,Boosting 5,0.09680086991496087
2013-07-01,Boosting 10,0.13701021160142834
2013-07-01,Boosting 25,0.12391806577691135
2013-07-01,Boosting 50,0.09674011905315098
2013-07-01,Boosting 100,0.07597815426676977
2013-07-01,Boosting 200,0.06102614901649857
2013-07-01,Boosting 300,0.04793109456908088
2013-07-01,Boosting CV,0.105732700196707
2013-08-01,Screening 1,0.07266043477188147
2013-08-01,Screening 2,0.07954272173169197
2013-08-01,Screening 3,0.09567064680355161
2013-08-01,Screening 4,0.08793279117442786
2013-08-01,Screening 5,0.08827390685225243
2013-08-01,Screening 6,0.09935129867674324
2013-08-01,Screening 7,0.09792172261273731
2013-08-01,Screening 8,0.07826130929174159
2013-08-01,Screening 9,0.07497715741346385
2013-08-01,Screening 10,0.06975051113401556
2013-08-01,Screening 11,0.040714247118684065
2013-08-01,Screening 12,0.01861146692041711
2013-08-01,Screening 13,-0.001447672791720507
2013-08-01,Screening 14,0.005465428486712907
2013-08-01,Screening 15,0.02833775605495694
2013-08-01,Screening CV,0.06896068914737044
2013-08-01,Boosting 1,0.017480270206182293
2013-08-01,Boosting 5,0.09653735842645841
2013-08-01,Boosting 10,0.1364199702927402
2013-08-01,Boosting 25,0.12260174032673037
2013-08-01,Boosting 50,0.09532906459459649
2013-08-01,Boosting 100,0.07436645725065286
2013-08-01,Boosting 200,0.05893986217702715
2013-08-01,Boosting 300,0.04548981512600845
2013-08-01,Boosting CV,0.10530692204357368
2013-09-01,Screening 1,0.0704331256916377
2013-09-01,Screening 2,0.08162733439297797
2013-09-01,Screening 3,0.09852267402505802
2013-09-01,Screening 4,0.09141428498232769
2013-09-01,Screening 5,0.0917676759546646
2013-09-01,Screening 6,0.10283743552928086
2013-09-01,Screening 7,0.10170950091200621
2013-09-01,Screening 8,0.08202560048592153
2013-09-01,Screening 9,0.0788244321323806
2013-09-01,Screening 10,0.07358442818078086
2013-09-01,Screening 11,0.04464244655246496
2013-09-01,Screening 12,0.022553304682848968
2013-09-01,Screening 13,0.002489575888297744
2013-09-01,Screening 14,0.009400673835975388
2013-09-01,Screening 15,0.032279186535864285
2013-09-01,Screening CV,0.06673338006712667
2013-09-01,Boosting 1,0.017279218993332877
2013-09-01,Boosting 5,0.09692467583554637
2013-09-01,Boosting 10,0.13759902422921205
2013-09-01,Boosting 25,0.12483399026947548
2013-09-01,Boosting 50,0.09819178284797869
2013-09-01,Boosting 100,0.07756919822798375
2013-09-01,Boosting 200,0.06231662200755743
2013-09-01,Boosting 300,0.04895383294155504
2013-09-01,Boosting CV,0.10530692204357368
2013-10-01,Screening 1,0.06856338939000864
2013-10-01,Screening 2,0.08469602917195197
2013-10-01,Screening 3,0.10253558335395446
2013-10-01,Screening 4,0.09496732416726053
2013-10-01,Screening 5,0.09540442764279411
2013-10-01,Screening 6,0.10646703193861635
2013-10-01,Screening 7,0.10351545990810913
2013-10-01,Screening 8,0.0838210022417279
2013-10-01,Screening 9,0.08083724295247494
2013-10-01,Screening 10,0.07599875259789395
2013-10-01,Screening 11,0.04216096165810892
2013-10-01,Screening 12,0.01987851797380887
2013-10-01,Screening 13,-1.7173021714053798e-4
2013-10-01,Screening 14,0.005487524220763909
2013-10-01,Screening 15,0.027503073004254336
2013-10-01,Screening CV,0.06486364376549762
2013-10-01,Boosting 1,0.017103503240108984
2013-10-01,Boosting 5,0.09757092423583005
2013-10-01,Boosting 10,0.13929952833730933
2013-10-01,Boosting 25,0.12795328063857123
2013-10-01,Boosting 50,0.10178264612659872
2013-10-01,Boosting 100,0.08075578519888603
2013-10-01,Boosting 200,0.06456830426850464
2013-10-01,Boosting 300,0.05027272155326875
2013-10-01,Boosting CV,0.10530692204357368
2013-11-01,Screening 1,0.06923482509742765
2013-11-01,Screening 2,0.0830748405217854
2013-11-01,Screening 3,0.09985860526986781
2013-11-01,Screening 4,0.09281928579669439
2013-11-01,Screening 5,0.09310886573949897
2013-11-01,Screening 6,0.10429347356372755
2013-11-01,Screening 7,0.10262794943922304
2013-11-01,Screening 8,0.08294589285440737
2013-11-01,Screening 9,0.0811564246251747
2013-11-01,Screening 10,0.07609846905796158
2013-11-01,Screening 11,0.04184140499241018
2013-11-01,Screening 12,0.01921085575088192
2013-11-01,Screening 13,-0.001002596995680217
2013-11-01,Screening 14,0.004633542503189066
2013-11-01,Screening 15,0.026633426301814558
2013-11-01,Screening CV,0.06324245511533105
2013-11-01,Boosting 1,0.01719092069588535
2013-11-01,Boosting 5,0.0970376773465181
2013-11-01,Boosting 10,0.13856493079893592
2013-11-01,Boosting 25,0.12623831607901337
2013-11-01,Boosting 50,0.10074966273277818
2013-11-01,Boosting 100,0.08042457199254383
2013-11-01,Boosting 200,0.06453782323454173
2013-11-01,Boosting 300,0.05036529226781249
2013-11-01,Boosting CV,0.10530692204357368
2013-12-01,Screening 1,0.06784861430784479
2013-12-01,Screening 2,0.07899624663456425
2013-12-01,Screening 3,0.09527816407272072
2013-12-01,Screening 4,0.08590291574229772
2013-12-01,Screening 5,0.08631609995499401
2013-12-01,Screening 6,0.09771699579412288
2013-12-01,Screening 7,0.09151585551333125
2013-12-01,Screening 8,0.07122686283088316
2013-12-01,Screening 9,0.06851686471038773
2013-12-01,Screening 10,0.06831124177740072
2013-12-01,Screening 11,0.035592996839801765
2013-12-01,Screening 12,0.012852132091922455
2013-12-01,Screening 13,-0.007353720163682216
2013-12-01,Screening 14,-0.0012772465931024535
2013-12-01,Screening 15,0.02067848921635096
2013-12-01,Screening CV,0.05632608506093438
2013-12-01,Boosting 1,0.017071046259820224
2013-12-01,Boosting 5,0.0962352377866906
2013-12-01,Boosting 10,0.13698816272305847
2013-12-01,Boosting 25,0.12292957938040576
2013-12-01,Boosting 50,0.09518069299366663
2013-12-01,Boosting 100,0.07296742036611793
2013-12-01,Boosting 200,0.05687062355874035
2013-12-01,Boosting 300,0.043171290841950455
2013-12-01,Boosting CV,0.10530692204357368
2014-01-01,Screening 1,0.06898312376853095
2014-01-01,Screening 2,0.07604079084416114
2014-01-01,Screening 3,0.09488978563885618
2014-01-01,Screening 4,0.08513646910870358
2014-01-01,Screening 5,0.08584791894798577
2014-01-01,Screening 6,0.0981993862458072
2014-01-01,Screening 7,0.09198162775753681
2014-01-01,Screening 8,0.07185707015672185
2014-01-01,Screening 9,0.06887869078406127
2014-01-01,Screening 10,0.06940514499159905
2014-01-01,Screening 11,0.03800170613168872
2014-01-01,Screening 12,0.015147902466061949
2014-01-01,Screening 13,-0.005070021987014375
2014-01-01,Screening 14,0.0010056339969340702
2014-01-01,Screening 15,0.02297637066094372
2014-01-01,Screening CV,0.05555963842734024
2014-01-01,Boosting 1,0.017196133530752323
2014-01-01,Boosting 5,0.09577308938918093
2014-01-01,Boosting 10,0.13677383740625684
2014-01-01,Boosting 25,0.12259777773521162
2014-01-01,Boosting 50,0.09512684754200691
2014-01-01,Boosting 100,0.07332891897506004
2014-01-01,Boosting 200,0.0576583944954848
2014-01-01,Boosting 300,0.04447112139241528
2014-01-01,Boosting CV,0.10530692204357368
2014-02-01,Screening 1,0.06862992394767714
2014-02-01,Screening 2,0.0744295611554093
2014-02-01,Screening 3,0.09298258588784278
2014-02-01,Screening 4,0.08338215134174899
2014-02-01,Screening 5,0.083694658975125
2014-02-01,Screening 6,0.09352154583469706
2014-02-01,Screening 7,0.08729186617292393
2014-02-01,Screening 8,0.0671223641420562
2014-02-01,Screening 9,0.06181302658964497
2014-02-01,Screening 10,0.06279057825530726
2014-02-01,Screening 11,0.03477145473943854
2014-02-01,Screening 12,0.011888533014961119
2014-02-01,Screening 13,-0.008351926394550842
2014-02-01,Screening 14,-0.0019351877515322892
2014-02-01,Screening 15,0.0200331367720255
2014-02-01,Screening CV,0.05365243867632683
2014-02-01,Boosting 1,0.01717294458938319
2014-02-01,Boosting 5,0.09556860268982204
2014-02-01,Boosting 10,0.13628055774518882
2014-02-01,Boosting 25,0.12133869128269792
2014-02-01,Boosting 50,0.09325175330225378
2014-02-01,Boosting 100,0.07119619708686523
2014-02-01,Boosting 200,0.05563976661259186
2014-02-01,Boosting 300,0.04224761239183696
2014-02-01,Boosting CV,0.10530692204357368
2014-03-01,Screening 1,0.06854361703938533
2014-03-01,Screening 2,0.07392654164242761
2014-03-01,Screening 3,0.09298392021476927
2014-03-01,Screening 4,0.08335611215957799
2014-03-01,Screening 5,0.0836934013115621
2014-03-01,Screening 6,0.093524112283476
2014-03-01,Screening 7,0.08729515988253603
2014-03-01,Screening 8,0.067126011537343655
2014-03-01,Screening 9,0.06154459433929285
2014-03-01,Screening 10,0.062335409025435315
2014-03-01,Screening 11,0.032652214061379345
2014-03-01,Screening 12,0.009747703661557578
2014-03-01,Screening 13,-0.010551140755567998
2014-03-01,Screening 14,-0.005009589834508608
2014-03-01,Screening 15,0.016954422874139712
2014-03-01,Screening CV,0.05365377300325333
2014-03-01,Boosting 1,0.01718071455437712
2014-03-01,Boosting 5,0.0955787587517493
2014-03-01,Boosting 10,0.13627822448730034
2014-03-01,Boosting 25,0.12133430842483496
2014-03-01,Boosting 50,0.09324672419841065
2014-03-01,Boosting 100,0.07113724596300763
2014-03-01,Boosting 200,0.055211102297053706
2014-03-01,Boosting 300,0.04144522967865554
2014-03-01,Boosting CV,0.10530692204357368
2014-04-01,Screening 1,0.06825356710773242
2014-04-01,Screening 2,0.07382105478982941
2014-04-01,Screening 3,0.09251390938315697
2014-04-01,Screening 4,0.08242665485791915
2014-04-01,Screening 5,0.082720159299435
2014-04-01,Screening 6,0.09346225627867041
2014-04-01,Screening 7,0.08721854876548585
2014-04-01,Screening 8,0.06704916410870757
2014-04-01,Screening 9,0.0610804434052523
2014-04-01,Screening 10,0.06189232201125662
2014-04-01,Screening 11,0.032223679731306194
2014-04-01,Screening 12,0.009326758983783148
2014-04-01,Screening 13,-0.01096687105662063
2014-04-01,Screening 14,-0.005157875702131412
2014-04-01,Screening 15,0.016807003382522393
2014-04-01,Screening CV,0.053363723071600415
2014-04-01,Boosting 1,0.017162291721636504
2014-04-01,Boosting 5,0.09562834501814776
2014-04-01,Boosting 10,0.13633171916908474
2014-04-01,Boosting 25,0.12118690322939908
2014-04-01,Boosting 50,0.09283018432169772
2014-04-01,Boosting 100,0.07081476951252463
2014-04-01,Boosting 200,0.05490955249429569
2014-04-01,Boosting 300,0.041239551541104986
2014-04-01,Boosting CV,0.10530692204357368
2014-05-01,Screening 1,0.0688155302941154
2014-05-01,Screening 2,0.07444700601215315
2014-05-01,Screening 3,0.09307753768963477
2014-05-01,Screening 4,0.08302301608992596
2014-05-01,Screening 5,0.08332389864283297
2014-05-01,Screening 6,0.0928767348161908
2014-05-01,Screening 7,0.08663985430731411
2014-05-01,Screening 8,0.06644939227733274
2014-05-01,Screening 9,0.059302791702275814
2014-05-01,Screening 10,0.06024764957998111
2014-05-01,Screening 11,0.030895424682738572
2014-05-01,Screening 12,0.007955047513842819
2014-05-01,Screening 13,-0.012359909135839843
2014-05-01,Screening 14,-0.006249017010338057
2014-05-01,Screening 15,0.01572113359285225
2014-05-01,Screening CV,0.053925686257983406
2014-05-01,Boosting 1,0.017238414517537073
2014-05-01,Boosting 5,0.09600411022448886
2014-05-01,Boosting 10,0.13691542569243023
2014-05-01,Boosting 25,0.1218790738317688
2014-05-01,Boosting 50,0.09349685453316926
2014-05-01,Boosting 100,0.07139236771477414
2014-05-01,Boosting 200,0.05541959947299027
2014-05-01,Boosting 300,0.041654747894978854
2014-05-01,Boosting CV,0.10550342466438249
2014-06-01,Screening 1,0.06760300878736192
2014-06-01,Screening 2,0.07111065592566253
2014-06-01,Screening 3,0.08933201728110723
2014-06-01,Screening 4,0.07947924504420695
2014-06-01,Screening 5,0.07982883141766724
2014-06-01,Screening 6,0.08925844838553024
2014-06-01,Screening 7,0.08319489236899777
2014-06-01,Screening 8,0.0629525155591756
2014-06-01,Screening 9,0.056666414247708095
2014-06-01,Screening 10,0.05766306461179627
2014-06-01,Screening 11,0.028215659935326754
2014-06-01,Screening 12,0.0052713080381535425
2014-06-01,Screening 13,-0.015030865605974499
2014-06-01,Screening 14,-0.007463223363693424
2014-06-01,Screening 15,0.014461278757121256
2014-06-01,Screening CV,0.05271316475122991
2014-06-01,Boosting 1,0.01714071468501298
2014-06-01,Boosting 5,0.09540720899801362
2014-06-01,Boosting 10,0.13569056863599732
2014-06-01,Boosting 25,0.1194656695205237
2014-06-01,Boosting 50,0.09062922779015216
2014-06-01,Boosting 100,0.06805939572939891
2014-06-01,Boosting 200,0.05217458071696138
2014-06-01,Boosting 300,0.03876254701987299
2014-06-01,Boosting CV,0.10524190389496105
2014-07-01,Screening 1,0.06549360129812277
2014-07-01,Screening 2,0.07368411607341387
2014-07-01,Screening 3,0.09295311445283358
2014-07-01,Screening 4,0.08273202043702173
2014-07-01,Screening 5,0.08325681824622494
2014-07-01,Screening 6,0.0927033575390863
2014-07-01,Screening 7,0.08541281162132741
2014-07-01,Screening 8,0.06520379560125038
2014-07-01,Screening 9,0.05852923227213397
2014-07-01,Screening 10,0.059905195717830984
2014-07-01,Screening 11,0.025379000871804742
2014-07-01,Screening 12,0.0024371712217650353
2014-07-01,Screening 13,-0.017881483126514826
2014-07-01,Screening 14,-0.008422686126316921
2014-07-01,Screening 15,0.01343886350809593
2014-07-01,Screening CV,0.05060375726199077
2014-07-01,Boosting 1,0.01694407050236837
2014-07-01,Boosting 5,0.09596250062586441
2014-07-01,Boosting 10,0.13715583579233784
2014-07-01,Boosting 25,0.12225381929167678
2014-07-01,Boosting 50,0.09331862624066155
2014-07-01,Boosting 100,0.07035828046241599
2014-07-01,Boosting 200,0.054936741677200654
2014-07-01,Boosting 300,0.04178797389055094
2014-07-01,Boosting CV,0.10558491650645051
2014-08-01,Screening 1,0.06407345373716175
2014-08-01,Screening 2,0.07484945202599036
2014-08-01,Screening 3,0.09449679109345192
2014-08-01,Screening 4,0.08416825786989321
2014-08-01,Screening 5,0.08460327600224686
2014-08-01,Screening 6,0.09388551890669804
2014-08-01,Screening 7,0.08661817875319665
2014-08-01,Screening 8,0.06639076600767513
2014-08-01,Screening 9,0.05986073626550276
2014-08-01,Screening 10,0.06156774174265985
2014-08-01,Screening 11,0.027062334285035267
2014-08-01,Screening 12,0.0041716239663814195
2014-08-01,Screening 13,-0.01614734325334647
2014-08-01,Screening 14,-0.006686991084800681
2014-08-01,Screening 15,0.015175595228204126
2014-08-01,Screening CV,0.04918360970102975
2014-08-01,Boosting 1,0.016820970339289403
2014-08-01,Boosting 5,0.09651632564180729
2014-08-01,Boosting 10,0.1378674326278157
2014-08-01,Boosting 25,0.12343988107606599
2014-08-01,Boosting 50,0.09443162389699522
2014-08-01,Boosting 100,0.07153820856143603
2014-08-01,Boosting 200,0.05622526095514521
2014-08-01,Boosting 300,0.04316950118118954
2014-08-01,Boosting CV,0.10575391744061702
2014-09-01,Screening 1,0.06106163262193549
2014-09-01,Screening 2,0.07843394075391273
2014-09-01,Screening 3,0.09968294514526593
2014-09-01,Screening 4,0.08884474278791998
2014-09-01,Screening 5,0.0889358347799913
2014-09-01,Screening 6,0.09761328796660836
2014-09-01,Screening 7,0.09054649219361918
2014-09-01,Screening 8,0.07059954746214146
2014-09-01,Screening 9,0.06401522675227068
2014-09-01,Screening 10,0.06421332482219318
2014-09-01,Screening 11,0.02989962892610883
2014-09-01,Screening 12,0.007576063925549884
2014-09-01,Screening 13,-0.012751298919636273
2014-09-01,Screening 14,-0.003309974129507705
2014-09-01,Screening 15,0.018507738394009626
2014-09-01,Screening CV,0.04617178858580349
2014-09-01,Boosting 1,0.016536030589258295
2014-09-01,Boosting 5,0.09802599818665207
2014-09-01,Boosting 10,0.13987273823139001
2014-09-01,Boosting 25,0.1270479149899633
2014-09-01,Boosting 50,0.0976424434724167
2014-09-01,Boosting 100,0.07468359771194705
2014-09-01,Boosting 200,0.05921518357854352
2014-09-01,Boosting 300,0.04609410201371597
2014-09-01,Boosting CV,0.10620603123912256
2014-10-01,Screening 1,0.06054031575334739
2014-10-01,Screening 2,0.08401734127632297
2014-10-01,Screening 3,0.10674312650967044
2014-10-01,Screening 4,0.09550514487594346
2014-10-01,Screening 5,0.09541875801580202
2014-10-01,Screening 6,0.1035816954141607
2014-10-01,Screening 7,0.0969746053770878
2014-10-01,Screening 8,0.07709408224648408
2014-10-01,Screening 9,0.07064837986642057
2014-10-01,Screening 10,0.07128202303077759
2014-10-01,Screening 11,0.036947920934176134
2014-10-01,Screening 12,0.0145562997640649
2014-10-01,Screening 13,-0.006106245774204237
2014-10-01,Screening 14,0.003281953717749769
2014-10-01,Screening 15,0.024767047505258613
2014-10-01,Screening CV,0.052832190673826954
2014-10-01,Boosting 1,0.01648438209630524
2014-10-01,Boosting 5,0.10009437269800318
2014-10-01,Boosting 10,0.143412692507095
2014-10-01,Boosting 25,0.13258862973358382
2014-10-01,Boosting 50,0.10276558442570255
2014-10-01,Boosting 100,0.07994772225969277
2014-10-01,Boosting 200,0.0646755510306948
2014-10-01,Boosting 300,0.05152407543608841
2014-10-01,Boosting CV,0.10766632937302686
2014-11-01,Screening 1,0.07727859215675016
2014-11-01,Screening 2,0.09246339632292616
2014-11-01,Screening 3,0.11979058450357491
2014-11-01,Screening 4,0.10738874466818871
2014-11-01,Screening 5,0.10704801850538866
2014-11-01,Screening 6,0.11377433835039648
2014-11-01,Screening 7,0.10854363859476081
2014-11-01,Screening 8,0.08903414673593756
2014-11-01,Screening 9,0.08383014137427487
2014-11-01,Screening 10,0.08452794791061491
2014-11-01,Screening 11,0.050172974511490685
2014-11-01,Screening 12,0.02903920338777873
2014-11-01,Screening 13,0.007337668260307193
2014-11-01,Screening 14,0.01422227567727551
2014-11-01,Screening 15,0.03669848006499754
2014-11-01,Screening CV,0.0647157904660722
2014-11-01,Boosting 1,0.01827832863923784
2014-11-01,Boosting 5,0.10368356078001549
2014-11-01,Boosting 10,0.149688385686869
2014-11-01,Boosting 25,0.14237704933383033
2014-11-01,Boosting 50,0.10974283598074441
2014-11-01,Boosting 100,0.08638228595118168
2014-11-01,Boosting 200,0.07159924333252625
2014-11-01,Boosting 300,0.05835470921321608
2014-11-01,Boosting CV,0.10981716169403924
2014-12-01,Screening 1,0.09291572541216234
2014-12-01,Screening 2,0.11239549770412936
2014-12-01,Screening 3,0.1354681052320612
2014-12-01,Screening 4,0.12242076177158183
2014-12-01,Screening 5,0.12259954363929487
2014-12-01,Screening 6,0.12827055476897822
2014-12-01,Screening 7,0.12413127998753264
2014-12-01,Screening 8,0.10498803638712673
2014-12-01,Screening 9,0.10090822425342391
2014-12-01,Screening 10,0.10158954793576659
2014-12-01,Screening 11,0.06652451768903186
2014-12-01,Screening 12,0.04615570387532731
2014-12-01,Screening 13,0.025129931645351145
2014-12-01,Screening 14,0.0319248961673232
2014-12-01,Screening 15,0.057269188776385885
2014-12-01,Screening CV,0.08026731559997843
2014-12-01,Boosting 1,0.019972224998215306
2014-12-01,Boosting 5,0.10794040978835551
2014-12-01,Boosting 10,0.15713289950703904
2014-12-01,Boosting 25,0.15481901076956955
2014-12-01,Boosting 50,0.12319314191133686
2014-12-01,Boosting 100,0.10058223795301338
2014-12-01,Boosting 200,0.08699645855766258
2014-12-01,Boosting 300,0.07453813756435347
2014-12-01,Boosting CV,0.11798387981869464
2015-01-01,Screening 1,0.0863222907540505
2015-01-01,Screening 2,0.10309993130994699
2015-01-01,Screening 3,0.12846985047534856
2015-01-01,Screening 4,0.11566071640145577
2015-01-01,Screening 5,0.11525546935776057
2015-01-01,Screening 6,0.12146399581852414
2015-01-01,Screening 7,0.11672067871887584
2015-01-01,Screening 8,0.09733898719366592
2015-01-01,Screening 9,0.09254775068325294
2015-01-01,Screening 10,0.09323838575547962
2015-01-01,Screening 11,0.05857356459690332
2015-01-01,Screening 12,0.03775613932592793
2015-01-01,Screening 13,0.016759413461906434
2015-01-01,Screening 14,0.023589373694209506
2015-01-01,Screening 15,0.0494089884399051
2015-01-01,Screening CV,0.07292324131844412
2015-01-01,Boosting 1,0.01945184337141905
2015-01-01,Boosting 5,0.1059109261549795
2015-01-01,Boosting 10,0.1539715196136874
2015-01-01,Boosting 25,0.1496928618449231
2015-01-01,Boosting 50,0.11672557577091759
2015-01-01,Boosting 100,0.09312652665834689
2015-01-01,Boosting 200,0.07862907031589864
2015-01-01,Boosting 300,0.06563840496687459
2015-01-01,Boosting CV,0.11341854017006196
2015-02-01,Screening 1,0.08172312081572078
2015-02-01,Screening 2,0.1038506233649149
2015-02-01,Screening 3,0.12781357852276742
2015-02-01,Screening 4,0.11473561556262545
2015-02-01,Screening 5,0.11470511083105232
2015-02-01,Screening 6,0.11920388094697854
2015-02-01,Screening 7,0.11561184468556172
2015-02-01,Screening 8,0.09609912614788464
2015-02-01,Screening 9,0.09112002453557519
2015-02-01,Screening 10,0.0918268563160417
2015-02-01,Screening 11,0.05674486196716904
2015-02-01,Screening 12,0.03623791018490515
2015-02-01,Screening 13,0.015044516520452043
2015-02-01,Screening 14,0.02186791696712751
2015-02-01,Screening 15,0.04878058751725356
2015-02-01,Screening CV,0.07237288279173587
2015-02-01,Boosting 1,0.019073808648556394
2015-02-01,Boosting 5,0.10597964407190953
2015-02-01,Boosting 10,0.15378011490740912
2015-02-01,Boosting 25,0.14920200221035634
2015-02-01,Boosting 50,0.11605135521453164
2015-02-01,Boosting 100,0.09231250636768246
2015-02-01,Boosting 200,0.07794932712295503
2015-02-01,Boosting 300,0.06521904693204238
2015-02-01,Boosting CV,0.11329203754890942
2015-03-01,Screening 1,0.0692399564842584
2015-03-01,Screening 2,0.08861340411193841
2015-03-01,Screening 3,0.11667759989320559
2015-03-01,Screening 4,0.10397652285356858
2015-03-01,Screening 5,0.10310003031007456
2015-03-01,Screening 6,0.10826616439079004
2015-03-01,Screening 7,0.10381297541556245
2015-03-01,Screening 8,0.08397455712651974
2015-03-01,Screening 9,0.07798895044935379
2015-03-01,Screening 10,0.07871151393888
2015-03-01,Screening 11,0.04421457360113068
2015-03-01,Screening 12,0.023086457133276932
2015-03-01,Screening 13,0.0019529152893888217
2015-03-01,Screening 14,0.009689108345107608
2015-03-01,Screening 15,0.037217812796840735
2015-03-01,Screening CV,0.060767802270758106
2015-03-01,Boosting 1,0.017985739363566157
2015-03-01,Boosting 5,0.10235310850756928
2015-03-01,Boosting 10,0.14913673101159455
2015-03-01,Boosting 25,0.1408468694689893
2015-03-01,Boosting 50,0.10626043256073789
2015-03-01,Boosting 100,0.08179756476241373
2015-03-01,Boosting 200,0.06717971385903519
2015-03-01,Boosting 300,0.054228858561653916
2015-03-01,Boosting CV,0.10737126157901146
2015-04-01,Screening 1,0.07266796617493594
2015-04-01,Screening 2,0.09283679187172048
2015-04-01,Screening 3,0.12142296157644358
2015-04-01,Screening 4,0.10865782574207312
2015-04-01,Screening 5,0.10754771287951534
2015-04-01,Screening 6,0.11361446504604839
2015-04-01,Screening 7,0.10990633462634701
2015-04-01,Screening 8,0.09004262023486992
2015-04-01,Screening 9,0.0841056575685107
2015-04-01,Screening 10,0.0848270190808471
2015-04-01,Screening 11,0.05041915159355213
2015-04-01,Screening 12,0.02928875942868024
2015-04-01,Screening 13,0.008155312883160144
2015-04-01,Screening 14,0.015813751207215253
2015-04-01,Screening 15,0.04336229531180135
2015-04-01,Screening CV,0.0652154848401989
2015-04-01,Boosting 1,0.01838972773787399
2015-04-01,Boosting 5,0.1038404628749378
2015-04-01,Boosting 10,0.1515925201462528
2015-04-01,Boosting 25,0.14473807248608206
2015-04-01,Boosting 50,0.11071027454936304
2015-04-01,Boosting 100,0.08666266419378044
2015-04-01,Boosting 200,0.07224215514449289
2015-04-01,Boosting 300,0.059564332632945825
2015-04-01,Boosting CV,0.10912872534137205
2015-05-01,Screening 1,0.07215478498996103
2015-05-01,Screening 2,0.09188301218903223
2015-05-01,Screening 3,0.1201276917160735
2015-05-01,Screening 4,0.10742015627253532
2015-05-01,Screening 5,0.10642827123473049
2015-05-01,Screening 6,0.11291641999564186
2015-05-01,Screening 7,0.10675843474973003
2015-05-01,Screening 8,0.08700468232600111
2015-05-01,Screening 9,0.08207645989755374
2015-05-01,Screening 10,0.08260052264159247
2015-05-01,Screening 11,0.04729444942614541
2015-05-01,Screening 12,0.026350139346681886
2015-05-01,Screening 13,0.005644043515574216
2015-05-01,Screening 14,0.013222287591623314
2015-05-01,Screening 15,0.040752880685697046
2015-05-01,Screening CV,0.06409604319541404
2015-05-01,Boosting 1,0.018399816236509055
2015-05-01,Boosting 5,0.10379265055510552
2015-05-01,Boosting 10,0.15141039341491386
2015-05-01,Boosting 25,0.14403703241413796
2015-05-01,Boosting 50,0.10966736586574488
2015-05-01,Boosting 100,0.08543698080955613
2015-05-01,Boosting 200,0.07157498958420962
2015-05-01,Boosting 300,0.05913224587109818
2015-05-01,Boosting CV,0.10888270600174142
2015-06-01,Screening 1,0.08407001132000769
2015-06-01,Screening 2,0.10565104815075536
2015-06-01,Screening 3,0.13024180354551873
2015-06-01,Screening 4,0.11868705488673331
2015-06-01,Screening 5,0.11752229084783637
2015-06-01,Screening 6,0.11991840559963178
2015-06-01,Screening 7,0.11771046026109493
2015-06-01,Screening 8,0.09834957273310131
2015-06-01,Screening 9,0.09515929220871988
2015-06-01,Screening 10,0.09571416480071278
2015-06-01,Screening 11,0.05173068538918446
2015-06-01,Screening 12,0.031188569488107266
2015-06-01,Screening 13,0.01110128633360109
2015-06-01,Screening 14,0.01943041426436085
2015-06-01,Screening 15,0.04731524523464688
2015-06-01,Screening CV,0.07519006280851993
2015-06-01,Boosting 1,0.019741401534742648
2015-06-01,Boosting 5,0.10787077503328067
2015-06-01,Boosting 10,0.15630200265584984
2015-06-01,Boosting 25,0.15211835234840865
2015-06-01,Boosting 50,0.11837727755828868
2015-06-01,Boosting 100,0.095122297909993
2015-06-01,Boosting 200,0.08472473053388631
2015-06-01,Boosting 300,0.07426486984148627
2015-06-01,Boosting CV,0.1142744156296358
2015-07-01,Screening 1,0.09685407456278175
2015-07-01,Screening 2,0.12039942132095065
2015-07-01,Screening 3,0.14139706891898812
2015-07-01,Screening 4,0.12910409872858944
2015-07-01,Screening 5,0.12818836587991933
2015-07-01,Screening 6,0.13015632580486866
2015-07-01,Screening 7,0.12877793640574034
2015-07-01,Screening 8,0.10947073904698085
2015-07-01,Screening 9,0.10727420225609363
2015-07-01,Screening 10,0.10754481821489904
2015-07-01,Screening 11,0.06370488017767269
2015-07-01,Screening 12,0.043615726915708065
2015-07-01,Screening 13,0.02222523262574538
2015-07-01,Screening 14,0.03167409439568924
2015-07-01,Screening 15,0.05890641870047243
2015-07-01,Screening CV,0.08585613784060288
2015-07-01,Boosting 1,0.02117677342778236
2015-07-01,Boosting 5,0.11229272412504751
2015-07-01,Boosting 10,0.16167645626831345
2015-07-01,Boosting 25,0.16101632904683127
2015-07-01,Boosting 50,0.1285204847482225
2015-07-01,Boosting 100,0.1053715764375636
2015-07-01,Boosting 200,0.09560015985371768
2015-07-01,Boosting 300,0.08554957668575766
2015-07-01,Boosting CV,0.12248497670628587
2015-08-01,Screening 1,0.0898901753550465
2015-08-01,Screening 2,0.1193603595747146
2015-08-01,Screening 3,0.1392021724987696
2015-08-01,Screening 4,0.12729640660443559
2015-08-01,Screening 5,0.1260693559453992
2015-08-01,Screening 6,0.12699985212782686
2015-08-01,Screening 7,0.12363168858169936
2015-08-01,Screening 8,0.10556593828510369
2015-08-01,Screening 9,0.10261259039923523
2015-08-01,Screening 10,0.10299928113211576
2015-08-01,Screening 11,0.05942377738394656
2015-08-01,Screening 12,0.038738681469119324
2015-08-01,Screening 13,0.017428137261928947
2015-08-01,Screening 14,0.02725508146001509
2015-08-01,Screening 15,0.05355744521936409
2015-08-01,Screening CV,0.08373712790608275
2015-08-01,Boosting 1,0.020644657235264548
2015-08-01,Boosting 5,0.11183421041386325
2015-08-01,Boosting 10,0.16107450153380815
2015-08-01,Boosting 25,0.1595282698544862
2015-08-01,Boosting 50,0.12588345409095106
2015-08-01,Boosting 100,0.10176418489772948
2015-08-01,Boosting 200,0.09100854580599169
2015-08-01,Boosting 300,0.08015511910307858
2015-08-01,Boosting CV,0.12109760444897233
2015-09-01,Screening 1,0.0873331079269742
2015-09-01,Screening 2,0.11548180792397074
2015-09-01,Screening 3,0.13565354880594083
2015-09-01,Screening 4,0.12400937540504865
2015-09-01,Screening 5,0.12304109531633226
2015-09-01,Screening 6,0.12374258653617301
2015-09-01,Screening 7,0.12007825710396393
2015-09-01,Screening 8,0.10196925879419377
2015-09-01,Screening 9,0.09860575884373321
2015-09-01,Screening 10,0.09909936549935838
2015-09-01,Screening 11,0.055447494173441254
2015-09-01,Screening 12,0.034554096045760346
2015-09-01,Screening 13,0.013437603015573393
2015-09-01,Screening 14,0.022666457088058433
2015-09-01,Screening 15,0.048893202460066364
2015-09-01,Screening CV,0.08070886727701582
2015-09-01,Boosting 1,0.020524287985732283
2015-09-01,Boosting 5,0.11122273196165672
2015-09-01,Boosting 10,0.1599342043322792
2015-09-01,Boosting 25,0.15722468128926217
2015-09-01,Boosting 50,0.12312459270558568
2015-09-01,Boosting 100,0.09867462517169706
2015-09-01,Boosting 200,0.0878243199565798
2015-09-01,Boosting 300,0.07684214134047501
2015-09-01,Boosting CV,0.11916525528985365
2015-10-01,Screening 1,0.08103731680603656
2015-10-01,Screening 2,0.11638435543043639
2015-10-01,Screening 3,0.13520846621898044
2015-10-01,Screening 4,0.12296530583378784
2015-10-01,Screening 5,0.1225396307003211
2015-10-01,Screening 6,0.12391931472970763
2015-10-01,Screening 7,0.12170728498648313
2015-10-01,Screening 8,0.10560421152592238
2015-10-01,Screening 9,0.10112642316152227
2015-10-01,Screening 10,0.10144564060408194
2015-10-01,Screening 11,0.05703324397750216
2015-10-01,Screening 12,0.036422383264304976
2015-10-01,Screening 13,0.014835294315514771
2015-10-01,Screening 14,0.023935208660413366
2015-10-01,Screening 15,0.05016244088853973
2015-10-01,Screening CV,0.08020740266100465
2015-10-01,Boosting 1,0.01997814157645091
2015-10-01,Boosting 5,0.11133694932909442
2015-10-01,Boosting 10,0.15961129043672764
2015-10-01,Boosting 25,0.15684447425370732
2015-10-01,Boosting 50,0.12251819581996387
2015-10-01,Boosting 100,0.09834238299991863
2015-10-01,Boosting 200,0.08777021311667262
2015-10-01,Boosting 300,0.07701990958442584
2015-10-01,Boosting CV,0.119033183794072
2015-11-01,Screening 1,0.09018598277686393
2015-11-01,Screening 2,0.12699703233635393
2015-11-01,Screening 3,0.1434825708703954
2015-11-01,Screening 4,0.13081664816489072
2015-11-01,Screening 5,0.13068618231482163
2015-11-01,Screening 6,0.1317442706604039
2015-11-01,Screening 7,0.1300125466437015
2015-11-01,Screening 8,0.11460090389822895
2015-11-01,Screening 9,0.11011432450696929
2015-11-01,Screening 10,0.11025807429854845
2015-11-01,Screening 11,0.0659475264291921
2015-11-01,Screening 12,0.04561144548618241
2015-11-01,Screening 13,0.02378094688653394
2015-11-01,Screening 14,0.03262059964200265
2015-11-01,Screening 15,0.059378179934835275
2015-11-01,Screening CV,0.08835395427550519
2015-11-01,Boosting 1,0.021044173472369025
2015-11-01,Boosting 5,0.11464153357577267
2015-11-01,Boosting 10,0.16433192132071428
2015-11-01,Boosting 25,0.16348293097313313
2015-11-01,Boosting 50,0.12910220843917816
2015-11-01,Boosting 100,0.10511049802241774
2015-11-01,Boosting 200,0.09472300922553463
2015-11-01,Boosting 300,0.08430445560805629
2015-11-01,Boosting CV,0.12516089787096266
2015-12-01,Screening 1,0.10176779012532651
2015-12-01,Screening 2,0.14050832744176328
2015-12-01,Screening 3,0.15549002990502725
2015-12-01,Screening 4,0.14240263979484077
2015-12-01,Screening 5,0.14271864122736114
2015-12-01,Screening 6,0.14341327614810115
2015-12-01,Screening 7,0.1422717874757259
2015-12-01,Screening 8,0.12765164760914405
2015-12-01,Screening 9,0.12297933905891623
2015-12-01,Screening 10,0.12310902920535241
2015-12-01,Screening 11,0.07892172330899676
2015-12-01,Screening 12,0.058943516621038916
2015-12-01,Screening 13,0.03684726922529196
2015-12-01,Screening 14,0.04538364514864619
2015-12-01,Screening 15,0.07129732379664001
2015-12-01,Screening CV,0.10038641318804468
2015-12-01,Boosting 1,0.022357448683204745
2015-12-01,Boosting 5,0.11895621251490049
2015-12-01,Boosting 10,0.17077033487293275
2015-12-01,Boosting 25,0.17328271639709164
2015-12-01,Boosting 50,0.13974999200247776
2015-12-01,Boosting 100,0.11618348020463644
2015-12-01,Boosting 200,0.10628283471943203
2015-12-01,Boosting 300,0.09634090483958327
2015-12-01,Boosting CV,0.13383618263787578
2016-01-01,Screening 1,0.10352957643078153
2016-01-01,Screening 2,0.14219379455270384
2016-01-01,Screening 3,0.15719650067548813
2016-01-01,Screening 4,0.14412829549125553
2016-01-01,Screening 5,0.14441176085276303
2016-01-01,Screening 6,0.14512819967752774
2016-01-01,Screening 7,0.14394464491775819
2016-01-01,Screening 8,0.12925155280368633
2016-01-01,Screening 9,0.12459694461648538
2016-01-01,Screening 10,0.12472848035984042
2016-01-01,Screening 11,0.0805278081155351
2016-01-01,Screening 12,0.060503626799362054
2016-01-01,Screening 13,0.0384360169113344
2016-01-01,Screening 14,0.047004479038104466
2016-01-01,Screening 15,0.07298770471781522
2016-01-01,Screening CV,0.10207953281344657
2016-01-01,Boosting 1,0.022694305943793534
2016-01-01,Boosting 5,0.11998762296097266
2016-01-01,Boosting 10,0.1721961926207698
2016-01-01,Boosting 25,0.1750326811212939
2016-01-01,Boosting 50,0.14149738037683948
2016-01-01,Boosting 100,0.11790924893419472
2016-01-01,Boosting 200,0.1079964324921976
2016-01-01,Boosting 300,0.09803975213894553
2016-01-01,Boosting CV,0.13556357539299796
2016-02-01,Screening 1,0.08399194446874887
2016-02-01,Screening 2,0.13897021035367596
2016-02-01,Screening 3,0.1555199382461832
2016-02-01,Screening 4,0.1433060033905448
2016-02-01,Screening 5,0.1422439900154182
2016-02-01,Screening 6,0.14636108921239177
2016-02-01,Screening 7,0.14665340100203503
2016-02-01,Screening 8,0.1286619661877163
2016-02-01,Screening 9,0.12412240093240087
2016-02-01,Screening 10,0.12424481358392281
2016-02-01,Screening 11,0.08037778175896317
2016-02-01,Screening 12,0.059522791026224736
2016-02-01,Screening 13,0.03788717359026799
2016-02-01,Screening 14,0.04569102684994325
2016-02-01,Screening 15,0.06812283304280047
2016-02-01,Screening CV,0.09991176197610176
2016-02-01,Boosting 1,0.020899352116822888
2016-02-01,Boosting 5,0.11914920622701905
2016-02-01,Boosting 10,0.17014466579034257
2016-02-01,Boosting 25,0.17346550682909076
2016-02-01,Boosting 50,0.13820868609557907
2016-02-01,Boosting 100,0.11328426190402728
2016-02-01,Boosting 200,0.10287380896210047
2016-02-01,Boosting 300,0.0923334063790356
2016-02-01,Boosting CV,0.13397727229452766
2016-03-01,Screening 1,0.08796095892042152
2016-03-01,Screening 2,0.1434559039748839
2016-03-01,Screening 3,0.1602604124191625
2016-03-01,Screening 4,0.14795391256969076
2016-03-01,Screening 5,0.14669969000447575
2016-03-01,Screening 6,0.15026390968389935
2016-03-01,Screening 7,0.14918226054777053
2016-03-01,Screening 8,0.13364138390002472
2016-03-01,Screening 9,0.12945261631047827
2016-03-01,Screening 10,0.12891906272217268
2016-03-01,Screening 11,0.08522730671437574
2016-03-01,Screening 12,0.06432090024145051
2016-03-01,Screening 13,0.042871637503923865
2016-03-01,Screening 14,0.05057400014782254
2016-03-01,Screening 15,0.07292539024362017
2016-03-01,Screening CV,0.10455967115524772
2016-03-01,Boosting 1,0.021390278443825718
2016-03-01,Boosting 5,0.12086507408977644
2016-03-01,Boosting 10,0.1727628902284454
2016-03-01,Boosting 25,0.17742191946350908
2016-03-01,Boosting 50,0.1426054233014725
2016-03-01,Boosting 100,0.11779032458474313
2016-03-01,Boosting 200,0.10750116148032365
2016-03-01,Boosting 300,0.09715281134100401
2016-03-01,Boosting CV,0.1377257938195475
2016-04-01,Screening 1,0.09553784585941011
2016-04-01,Screening 2,0.15222651157730258
2016-04-01,Screening 3,0.16993960025691995
2016-04-01,Screening 4,0.1574160067803906
2016-04-01,Screening 5,0.15593065442104753
2016-04-01,Screening 6,0.1582789383322865
2016-04-01,Screening 7,0.1588951983347537
2016-04-01,Screening 8,0.14363329226314875
2016-04-01,Screening 9,0.13467215238936867
2016-04-01,Screening 10,0.13284555157421954
2016-04-01,Screening 11,0.0903007486969886
2016-04-01,Screening 12,0.06716298619982514
2016-04-01,Screening 13,0.04670210216132368
2016-04-01,Screening 14,0.05419259104375021
2016-04-01,Screening 15,0.0812492919579695
2016-04-01,Screening CV,0.11402176536594756
2016-04-01,Boosting 1,0.022242126837431066
2016-04-01,Boosting 5,0.12396393129480884
2016-04-01,Boosting 10,0.17764705861587868
2016-04-01,Boosting 25,0.18517889420123845
2016-04-01,Boosting 50,0.15152066178471096
2016-04-01,Boosting 100,0.12566926479226403
2016-04-01,Boosting 200,0.1142354533624514
2016-04-01,Boosting 300,0.10341584859884509
2016-04-01,Boosting CV,0.14489783191297678
2016-05-01,Screening 1,0.09699065563490761
2016-05-01,Screening 2,0.15371483112766315
2016-05-01,Screening 3,0.17140834880594952
2016-05-01,Screening 4,0.15889349478721057
2016-05-01,Screening 5,0.15741473626378485
2016-05-01,Screening 6,0.15976034361051245
2016-05-01,Screening 7,0.16036095162489383
2016-05-01,Screening 8,0.14510170360910915
2016-05-01,Screening 9,0.13612369939359742
2016-05-01,Screening 10,0.1342920604704283
2016-05-01,Screening 11,0.09173798269521473
2016-05-01,Screening 12,0.06863362045993054
2016-05-01,Screening 13,0.04817929598293121
2016-05-01,Screening 14,0.055680368532884925
2016-05-01,Screening 15,0.08272488094404425
2016-05-01,Screening CV,0.11549925337276754
2016-05-01,Boosting 1,0.022483162219701393
2016-05-01,Boosting 5,0.12475657621824211
2016-05-01,Boosting 10,0.1787805832961744
2016-05-01,Boosting 25,0.1866367330496055
2016-05-01,Boosting 50,0.15299551063759645
2016-05-01,Boosting 100,0.12712636088672208
2016-05-01,Boosting 200,0.11566030639124485
2016-05-01,Boosting 300,0.10481188068269442
2016-05-01,Boosting CV,0.14632457159755516
2016-06-01,Screening 1,0.10265734979676586
2016-06-01,Screening 2,0.15563718687514524
2016-06-01,Screening 3,0.17310664407634613
2016-06-01,Screening 4,0.1608776916532188
2016-06-01,Screening 5,0.1607136036724344
2016-06-01,Screening 6,0.16302194461761968
2016-06-01,Screening 7,0.16421735351732758
2016-06-01,Screening 8,0.1489373376754692
2016-06-01,Screening 9,0.13930707028720343
2016-06-01,Screening 10,0.13737840080155814
2016-06-01,Screening 11,0.09499605589937925
2016-06-01,Screening 12,0.07185313332778098
2016-06-01,Screening 13,0.05050722382626492
2016-06-01,Screening 14,0.05812403824411796
2016-06-01,Screening 15,0.08394358998097831
2016-06-01,Screening CV,0.11748345023877578
2016-06-01,Boosting 1,0.023202598460215308
2016-06-01,Boosting 5,0.1261665472185862
2016-06-01,Boosting 10,0.17994418096527542
2016-06-01,Boosting 25,0.1882352655232783
2016-06-01,Boosting 50,0.15493107262995695
2016-06-01,Boosting 100,0.1291411036783956
2016-06-01,Boosting 200,0.11721147178214898
2016-06-01,Boosting 300,0.10584426332603815
2016-06-01,Boosting CV,0.14791305759425455
2016-07-01,Screening 1,0.10108305267399993
2016-07-01,Screening 2,0.15316080672711377
2016-07-01,Screening 3,0.1718911558730382
2016-07-01,Screening 4,0.15981219134200095
2016-07-01,Screening 5,0.15859270193070965
2016-07-01,Screening 6,0.1610122572019315
2016-07-01,Screening 7,0.16198598743559403
2016-07-01,Screening 8,0.1466590620315003
2016-07-01,Screening 9,0.1348807053953414
2016-07-01,Screening 10,0.1352019106548277
2016-07-01,Screening 11,0.09330792651252978
2016-07-01,Screening 12,0.07002396500640162
2016-07-01,Screening 13,0.04868363404535664
2016-07-01,Screening 14,0.055910465358238716
2016-07-01,Screening 15,0.08146024618991064
2016-07-01,Screening CV,0.11641794992755793
2016-07-01,Boosting 1,0.023198735163042872
2016-07-01,Boosting 5,0.12603054463737592
2016-07-01,Boosting 10,0.17963294112788603
2016-07-01,Boosting 25,0.18745113761974821
2016-07-01,Boosting 50,0.15376774723713948
2016-07-01,Boosting 100,0.1274978992121507
2016-07-01,Boosting 200,0.11505317675727779
2016-07-01,Boosting 300,0.1033875720825444
2016-07-01,Boosting CV,0.14719633821744016
2016-08-01,Screening 1,0.1004117848162592
2016-08-01,Screening 2,0.15317441955920888
2016-08-01,Screening 3,0.1718886864634698
2016-08-01,Screening 4,0.15976422126082804
2016-08-01,Screening 5,0.1586097173184847
2016-08-01,Screening 6,0.1610096873852102
2016-08-01,Screening 7,0.16191188837314116
2016-08-01,Screening 8,0.14660313329560176
2016-08-01,Screening 9,0.13480937702699833
2016-08-01,Screening 10,0.13498310315312564
2016-08-01,Screening 11,0.09318410669599782
2016-08-01,Screening 12,0.0699019947759444
2016-08-01,Screening 13,0.04869111018740298
2016-08-01,Screening 14,0.05592518602339632
2016-08-01,Screening 15,0.0814704889364703
2016-08-01,Screening CV,0.116369979846385
2016-08-01,Boosting 1,0.023229448099993208
2016-08-01,Boosting 5,0.12606997431677303
2016-08-01,Boosting 10,0.17965701412188315
2016-08-01,Boosting 25,0.18747302513754477
2016-08-01,Boosting 50,0.15380602324255843
2016-08-01,Boosting 100,0.127527393246105
2016-08-01,Boosting 200,0.11504965939367527
2016-08-01,Boosting 300,0.10335954112050084
2016-08-01,Boosting CV,0.1472241879944347
2016-09-01,Screening 1,0.10543906464456902
2016-09-01,Screening 2,0.15888957941157505
2016-09-01,Screening 3,0.17778977166245113
2016-09-01,Screening 4,0.16641716108358207
2016-09-01,Screening 5,0.16449109283663818
2016-09-01,Screening 6,0.1670435726630541
2016-09-01,Screening 7,0.16792976584728522
2016-09-01,Screening 8,0.1526502340015152
2016-09-01,Screening 9,0.13943687947210784
2016-09-01,Screening 10,0.13903884851664894
2016-09-01,Screening 11,0.09784690128939119
2016-09-01,Screening 12,0.07456195292639678
2016-09-01,Screening 13,0.053261687256357354
2016-09-01,Screening 14,0.06090883961937653
2016-09-01,Screening 15,0.08641194551086478
2016-09-01,Screening CV,0.12302291966913904
2016-09-01,Boosting 1,0.023828233538471168
2016-09-01,Boosting 5,0.1281393687837628
2016-09-01,Boosting 10,0.18282536002714675
2016-09-01,Boosting 25,0.19231338315616298
2016-09-01,Boosting 50,0.15877299785960017
2016-09-01,Boosting 100,0.1323050015864124
2016-09-01,Boosting 200,0.11955706246438254
2016-09-01,Boosting 300,0.10752953340871384
2016-09-01,Boosting CV,0.1518006046137564
2016-10-01,Screening 1,0.11112509207299824
2016-10-01,Screening 2,0.16113991038742573
2016-10-01,Screening 3,0.17832449474758855
2016-10-01,Screening 4,0.16729636202792755
2016-10-01,Screening 5,0.16667811355495876
2016-10-01,Screening 6,0.16920947424450905
2016-10-01,Screening 7,0.17071488948717536
2016-10-01,Screening 8,0.15541943127891306
2016-10-01,Screening 9,0.14157245027001297
2016-10-01,Screening 10,0.14112544942481015
2016-10-01,Screening 11,0.1001711122761528
2016-10-01,Screening 12,0.07685506726008927
2016-10-01,Screening 13,0.055685855817816036
2016-10-01,Screening 14,0.06339429167459253
2016-10-01,Screening 15,0.08780272196138912
2016-10-01,Screening CV,0.12390212061348452
2016-10-01,Boosting 1,0.024550738027976738
2016-10-01,Boosting 5,0.1294479007078207
2016-10-01,Boosting 10,0.18432036043764463
2016-10-01,Boosting 25,0.19316754970236646
2016-10-01,Boosting 50,0.15980136569611544
2016-10-01,Boosting 100,0.13354116721729484
2016-10-01,Boosting 200,0.12101508119984314
2016-10-01,Boosting 300,0.10929144585623343
2016-10-01,Boosting CV,0.15277910024039215
2016-11-01,Screening 1,0.11836820095319002
2016-11-01,Screening 2,0.16939602895346528
2016-11-01,Screening 3,0.18730726989025262
2016-11-01,Screening 4,0.17601253416600912
2016-11-01,Screening 5,0.17520332733635918
2016-11-01,Screening 6,0.17784038889218634
2016-11-01,Screening 7,0.17971641690430107
2016-11-01,Screening 8,0.16437471978000953
2016-11-01,Screening 9,0.15079597939437794
2016-11-01,Screening 10,0.1504264449274048
2016-11-01,Screening 11,0.1095947552063261
2016-11-01,Screening 12,0.08630429502255715
2016-11-01,Screening 13,0.06498832721771548
2016-11-01,Screening 14,0.07290893571453383
2016-11-01,Screening 15,0.09768511654198438
2016-11-01,Screening CV,0.13261829275156609
2016-11-01,Boosting 1,0.025374523919675287
2016-11-01,Boosting 5,0.13267381913275922
2016-11-01,Boosting 10,0.18891662965747197
2016-11-01,Boosting 25,0.20038875517827634
2016-11-01,Boosting 50,0.16735427054972052
2016-11-01,Boosting 100,0.1410301024448551
2016-11-01,Boosting 200,0.1285696042627262
2016-11-01,Boosting 300,0.11667119797219265
2016-11-01,Boosting CV,0.15956559225226993
