date,wti_return,rac_return,tbill,long_yield,inflation,svar,epu,kilian,oil_prod_growth,oil_stock_growth,oil_import_growth,m2_growth,ip_crude_growth,unrate_change,cfnai,capacity_util,r,r_rac
1986-02-01,-0.3923685595821458,-0.31778613151175295,7.06,8.7,0.003646312153020581,0.001081766199650662,155.93292,-37.798318,0.011779736587589795,0.03305698586368955,-0.0625203569813344,0.004004650740600191,0.011831812911618833,-0.2999999999999998,0.61,78.4262,-0.19828141874028837,-0.2363303730780677
1986-03-01,-0.19828141874028837,-0.2363303730780677,6.56,7.78,-0.0018214941283911656,0.0013603065854937387,159.46768,-51.750464,0.0039322825110339465,1.4169408872888312e-4,-0.15684247149296926,0.004307085422086132,0.0038083294763069375,0.5,-0.53,77.949,0.021748246996848408,-0.07455456703946028
1986-04-01,0.021748246996848408,-0.07455456703946028,6.06,7.3,-0.00548447444216027,0.002462192809861541,160.1981,-55.391967,-0.01759640695324549,0.02728588127108189,0.006715941965436123,0.008006384425382151,-0.0174650871869515,0,-0.2,77.6147,0.1777465777137026,-0.0012363309705634151
1986-05-01,0.1777465777137026,-0.0012363309705634151,6.15,7.71,-0.003673098711860945,0.0013575959047837202,150.36626,-61.554545,-0.01666984956934492,-0.009161818109102882,0.20939485112248946,0.009703664898015774,-0.01676396943179892,-0.10000000000000053,0.52,77.7853,-0.13923996130108884,-0.07607858652319122
1986-06-01,-0.13923996130108884,-0.07607858652319122,6.21,7.8,0.0027560881019796923,0.0016017804561131719,132.63792,-66.390594,-0.0029375232963797515,-0.027464434294561357,0.14291986454326633,0.010500621511068786,-0.0033490846172927746,0.10000000000000053,-0.15,77.7857,-0.14826201245216053,-0.11675979641443135
1986-07-01,-0.14826201245216053,-0.11675979641443135,5.83,7.3,0.00366300775873718,0.0024615591164230998,122.51177,-69.350632,-0.024627554738360757,-0.006061420005678997,0.08671721608149241,0.007784539677178515,-0.024569042769268634,0,-0.13,77.4179,0.26363926121185877,0.08342158351923779
1986-08-01,0.26363926121185877,0.08342158351923779,5.53,7.17,0.00091365926867492675,0.001244608005753994,132.11963,-80.975396,0.004281670604155963,0.045318412554783194,0.01944297974689846,0.00825755896359226,0.004166350046364897,-0.20000000000000018,0.34,77.7991,-0.018991974627315944,0.07568661144115119
1986-09-01,-0.018991974627315944,0.07568661144115119,5.21,7.45,9.128252573598061e-4,0.004341610261137815,127.5525,-78.310921,-0.03358305497739167,-0.0269396627871874,0.027753476659048815,0.007547778146982154,-0.03346617481213077,-0.09999999999999964,0.08,77.9132,1.9892155295186953e-4,-0.0072788933182379445
1986-10-01,1.9892155295186953e-4,-0.0072788933182379445,5.18,7.43,0.0036429912785012064,9.835421497520634e-4,132.01833,-54.270229,-0.005508336284282933,0.015170787535650376,0.034786116085415486,0.008016150408901801,-0.00542919611787962,0.09999999999999964,0.65,78.0125,0.019435902357945345,0.050027638143012254
1986-11-01,0.019435902357945345,0.050027638143012254,5.35,7.25,0.0018165309263977747,0.0017420654714805314,111.50927,-48.82171,0.010867725042858822,0.01787661055355194,-0.12970534536057876,0.007320020734366217,0.010608969510192523,0,-0.26,78.1826,0.05321320428515497,0.04778808901581888
1986-12-01,0.05321320428515497,0.04778808901581888,5.53,7.11,0.001813237124181022,0.0012575063091309002,115.02029,-51.140698,-8.317985150743112e-4,-0.014079790294521999,0.04339844180621277,0.0051589551575768056,-7.017711946808447e-4,-0.09999999999999964,0.02,78.3314,0.14100539572094073,0.14379787032879143
1987-01-01,0.14100539572094073,0.14379787032879143,5.43,7.08,0.0036166404701880595,0.0024423719917124735,108.96811,-60.130576,-0.007158226700170189,-0.023452980642941768,-0.04498376656355951,0.009835601364466484,-0.007112159341864377,-0.3000000000000007,0.95,78.9451,-0.05304486339621439,0.028126470444005403
1987-02-01,-0.05304486339621439,0.028126470444005403,5.59,7.25,0.005400553180000323,0.001399822022020933,122.11428,-46.533412,0.015209418663529206,0.005434689621822031,-0.006138475567109225,0.005811526069667394,0.015024364518171573,0,-0.97,78.4763,0.026944111558353523,0.012784072404483204
1987-03-01,0.026944111558353523,0.012784072404483204,5.59,7.25,0.0035842332278148703,0.001976765836239262,109.14523,-41.804652,-0.010789125939654198,-0.003522406696928826,-0.12596924503800722,0.0013111412447557313,-0.01079563127361638,0,1.51,79.4484,0.016105944996186228,0.0314037839082113
1987-04-01,0.016105944996186228,0.0314037839082113,5.64,8.02,0.0035714323675977155,0.004205906344534951,122.08486,-35.095333,0.008900551251786126,0.0017853142363204455,-0.022760956418787615,0.0022540546153786423,0.008955041677103814,0,0.14,79.2775,0.03722096856498647,0.017264784841262593
1987-05-01,0.03722096856498647,0.017264784841262593,5.66,8.61,0.004446427957134347,0.0024928510597255105,110.85971,-25.198057,0.004008966576675377,-0.010565437679707301,0.0893021268900398,0.005071188467815624,0.003963111109988482,-0.2999999999999998,0.25,79.5347,0.02747834556683726,0.020478042048380996
1987-06-01,0.02747834556683726,0.020478042048380996,5.67,8.4,0.002658397666610135,0.0010641044860580202,110.04291,-19.449344,-0.019247356681608707,-0.013016124771423776,0.049112796854922536,0.0018770535778713793,-0.019237660469263673,0,0.43,79.8844,0.05871739829458722,0.02633258131320826
1987-07-01,0.05871739829458722,0.02633258131320826,5.69,8.45,0.004415018209116717,8.145644132559939e-4,121.15791,-30.736754,-0.0068612968543408925,0.00887632859024201,0.10219884079950958,6.12888707783199e-4,-0.006964429254550097,-0.09999999999999964,0.29,79.9612,-0.053853919389848404,-0.0012736266941422159
1987-08-01,-0.053853919389848404,-0.0012736266941422159,6.04,8.76,0.00263968477077281,0.0017680463874372035,106.348,-33.680339,-0.0033877830344639648,-0.01181563394042584,0.09668979014154644,0.001584558095878208,-0.00333427645188511,-0.10000000000000053,0.67,80.3807,-0.04265508403826557,-0.043086906754317145
1987-09-01,-0.04265508403826557,-0.043086906754317145,6.4,9.42,0.00438404910853496,0.0025239500319410102,74.83796,-18.796579,-0.004981481657868159,0.026572001849233473,0.039801644111452816,0.0033050755764838513,-0.004993849111714077,-0.09999999999999964,0.32,80.6183,0.014143809500513527,-0.004768439295271154
1987-10-01,0.014143809500513527,-0.004768439295271154,6.13,9.52,0.0034934533345598595,0.08137903402551579,78.98139,-22.343553,-6.091989222838379e-4,0.014025843999460719,-0.07536521894921044,0.004044603469960606,-5.599637481408237e-4,-0.09999999999999964,0.47,81.0333,-0.05566697043375557,-0.02474382132102715
1987-11-01,-0.05566697043375557,-0.02474382132102715,5.69,8.86,0.002612104227925016,0.006883326403163268,143.60309,-17.341535,0.01919305702433327,0.054063474843431436,0.00624270462808596,0.005450381303446328,0.019109041631005574,0.09999999999999964,0.71,82.1269,-0.08869475268238824,-0.05494166303186132
1987-12-01,-0.08869475268238824,-0.05494166303186132,5.77,8.99,0.0034722257107491217,0.006845855930985448,155.42208,-12.329039,0.003937717635039917,0.021523183596253048,-0.025407570562331117,0.0014555268203277905,0.004016504767989204,-0.20000000000000018,0.26,82.4024,-0.012172685907968717,-0.11075461534374043
1988-01-01,-0.012172685907968717,-0.11075461534374043,5.81,8.67,0.0017316021642779234,0.009422513019146175,135.47265,-5.1388651,-0.009452657880707704,-0.041098521849891156,-0.07732017204320307,0.002657079132213802,-0.009527972296575982,-0.09999999999999964,0.55,82.8837,-0.021175079238261674,-0.0030179902801310554
1988-02-01,-0.021175079238261674,-0.0030179902801310554,5.66,8.21,0.003454234868087269,0.0019477265647561274,131.52146,2.8772888,-0.008208640974130432,-0.009824749547007627,0.004730174375401575,0.007402480134709677,-0.008187847658357228,0,-0.16,82.5786,-0.03894607275881912,-0.04900586448847477
1988-03-01,-0.03894607275881912,-0.04900586448847477,5.7,8.37,0.0017226533114467202,0.0016802175584468958,116.58432,14.126254,0.01491846725036261,0.007029976876157917,-0.0025773210143000824,0.008045095684831693,0.014959839528343899,0,0.52,82.81,0.09156172907285764,0.052675309799843806
1988-04-01,0.09156172907285764,0.052675309799843806,5.91,8.72,0.002578428587944437,0.0035261510997205555,105.05246,19.220748,0,0.017042564892751244,0.04581595552601492,0.007047294445668761,-3.24159435054483e-5,0,0.45,83.0366,-0.02750106046529721,0.01709552306911588
1988-05-01,-0.02750106046529721,0.01709552306911588,6.26,9.09,0.005990604137156907,0.002525568070163625,113.65598,11.679927,-0.010322982079824072,0.009485859315043754,0.05960907417976635,0.006894914756100157,-0.010340477674334991,-0.2999999999999998,0.27,83.7689,-0.05668835047287546,-0.03161039087820727
1988-06-01,-0.05668835047287546,-0.03161039087820727,6.46,8.92,0.0025564564413009805,0.0023460383563387484,96.14572,5.2313313,-0.007144184893551397,0.006381795669812007,0.03274612021300172,0.005242700513823806,-0.0071374185053896255,0.1999999999999993,-0.03,83.5507,-0.06856522401725273,-0.04976573175501464
1988-07-01,-0.06856522401725273,-0.04976573175501464,6.73,9.06,0.004246290881451564,0.0019024118608045727,89.78251,-5.0795594,-0.0071955917516639545,-0.002246275594037783,-0.0031891969625519323,0.004228912925388073,-0.007147482443149222,-0.1999999999999993,0.46,83.7292,-0.002921041706471783,-0.037855999283551434
1988-08-01,-0.002921041706471783,-0.037855999283551434,7.06,9.26,0.004228336109521003,0.0013982345502718972,85.18198,-11.437151,-0.016039825681037456,-0.02645181810371966,-0.042608632825215764,0.0029903515555300686,-0.016091500775151424,0,-0.02,83.6782,-0.06941892090973534,-0.03828708960301208
1988-09-01,-0.06941892090973534,-0.03828708960301208,7.24,8.98,0.004210532536343514,0.0011783621476829406,100.15845,-9.3692005,0.004839019306697168,-0.046640197968807584,-0.002159192123585285,0.0016273396593753375,0.004920851966313755,0.1999999999999993,0.04,83.7684,-0.057752850026713265,-0.062116507082724315
1988-10-01,-0.057752850026713265,-0.062116507082724315,7.35,8.8,0.004192878260036004,0.0016184199660072697,94.55409,-4.8203914,-0.023038454789965357,-0.015115281344124654,0.023882311655903266,0.0016585155014272601,-0.02309260729441931,-0.1999999999999993,0.06,83.9989,0.023184786780698907,-0.033671277999836935
1988-11-01,0.023184786780698907,-0.033671277999836935,7.76,8.96,0.0033416906619025966,0.001362090492095982,102.23078,-1.9102196,0.01608276906391204,0.03301364847552257,0.06301443244542604,0.0028367855300883704,0.01606105038398198,0,0.49,84.2832,0.1437339128336439,0.1051168440258401
1988-12-01,0.1437339128336439,0.1051168440258401,8.07,9.11,0.0033305609471652176,6.235985686553689e-4,113.95989,7.867289,0,-0.007608645607644959,-0.0906372741049335,0.005012204589481151,7.700070587812746e-5,-0.10000000000000053,0.25,84.527,0.09128722822353996,0.12406789104191729
1989-01-01,0.09128722822353996,0.12406789104191729,8.27,9.09,0.0033195051228522843,9.566066607244844e-4,99.66633,11.339278,-0.010147284062458795,-0.0199445305790924,0.031070460473740624,0.002680787075624025,-0.010241634734354577,0,0.57,84.832,-0.007744291446394325,0.03162442528998266
1989-02-01,-0.007744291446394325,0.03162442528998266,8.53,9.17,0.004133945531727967,0.0011866153887471682,105.07536,17.806989,-6.297626003206602e-4,0.01069754327059691,0.07918927697769007,0.0011705882705950188,-5.387845410753656e-4,0.10000000000000053,0.26,85.446,0.07743336437831072,0.06258464133592812
1989-03-01,0.07743336437831072,0.06258464133592812,8.82,9.36,0.003294895896853056,0.0012941421498191888,84.84484,12.244823,-0.018951282598784758,-0.0031945602705398812,-0.06495078298857493,1.6711509255351586e-4,-0.018934537244057914,-0.20000000000000018,-0.45,84.4406,0.071123943148796,0.09016960333697677
1989-04-01,0.071123943148796,0.09016960333697677,8.65,9.18,0.004922077205428366,9.465567420803878e-4,97.21567,17.566708,-0.027730736114520482,-0.019038604100463985,-0.05223624589542197,0.002503380869780969,-0.027796254297149936,-0.20000000000000018,-0.16,84.1801,-0.0509981287925938,-0.032814376591773886
1989-05-01,-0.0509981287925938,-0.032814376591773886,8.43,8.86,0.007337986452912837,0.0010617374292378773,108.86306,17.000084,0.025674180119759527,0.03911235496812715,0.1327863286387334,0.002098007663006385,0.025629432281887077,0.20000000000000018,0.12,84.1823,-0.006713604291079367,-0.04503514399491415
1989-06-01,-0.006713604291079367,-0.04503514399491415,8.15,8.28,0.0048622462080345485,0.0014321194456528867,87.81604,21.557113,0.00564538322528918,0.017565869563874514,-0.00365885938281707,0.0018612076630475372,0.005729869463833026,0,-0.6,83.2943,-0.016775851252213148,-0.01866234612167439
1989-07-01,-0.016775851252213148,-0.01866234612167439,7.88,8.02,0.0032284128121187194,0.0010098461055973586,94.83974,3.1457865,-0.024871748388580528,-0.04241294230931736,0.04221045240407406,0.0053978109369552385,-0.024853575532355343,0.09999999999999964,-0.2,83.25,-0.06258559280887344,-0.04316399742260346
1989-08-01,-0.06258559280887344,-0.04316399742260346,7.9,8.11,0.0032180236942007667,0.0013732452313556355,84.56992,1.0687077,-0.023892827571897257,0.0058152998683098645,0.039053363140340025,0.008058856502556111,-0.02393419355083548,-0.09999999999999964,-0.83,82.0397,0.05052675854019206,0.01997582993763025
1989-09-01,0.05052675854019206,0.01997582993763025,7.75,8.19,0,5.510863663974847e-4,95.86038,2.4506171,0.013344206551151316,0.023095988881783214,0.054947696783903766,0.007181593835154487,0.013396932743765078,0,0.66,82.642,0.02090441084508754,0.03252366963124764
1989-10-01,0.02090441084508754,0.03252366963124764,7.64,8.01,0.002406740030565402,0.005836841274519063,90.9182,3.9275368,5.30082175147939e-4,-0.018024744242786994,-0.08533722699051083,0.005870065016010173,4.5274772120329487e-4,0.09999999999999964,-0.51,82.2645,-0.015991469299484695,-0.0023404160082707293
1989-11-01,-0.015991469299484695,-0.0023404160082707293,7.69,7.87,0.004796172263493048,8.462457952055459e-4,91.59669,10.63552,-0.012665991606747085,0.0033447738584175823,0.026035035784603977,0.006960360649580721,-0.012678452326164269,0,-0.42,81.8248,0.05739329355885037,0.08706370620044979
1989-12-01,0.05739329355885037,0.08706370620044979,7.63,7.84,0.003979312851480898,9.326775943181839e-4,107.84913,18.1781,0.01107490137450462,0.043662395911770346,-0.002589417209922118,0.00614657631930271,0.011113432003392987,0.10000000000000053,0.15,81.7731,0.07065928264260846,0.013227083089675684
1990-01-01,0.07065928264260846,0.013227083089675684,7.64,8.21,0.0031720883061439054,0.0029189662976065378,107.09523,14.592145,-0.026761497542203472,-0.028067831534558607,-0.12186280992535004,0.006109026603548173,-0.0268046151181478,0,-0.01,81.5741,-0.037272562818446264,-0.04015514521085972
1990-02-01,-0.037272562818446264,-0.04015514521085972,7.74,8.47,0.00945633524203604,0.0010078099173197704,100.35918,16.523212,0.028087581810261497,0.022356493505570896,0.1284848158728611,0.004525825458204125,0.028143907405034696,0,-0.23,81.2891,-0.08566195816689293,-0.04807178632053555
1990-03-01,-0.08566195816689293,-0.04807178632053555,7.9,8.59,0.0039138993211356166,0.0010286274434606803,89.59095,13.088845,-0.006514681021194235,-0.027827185255183906,-0.05237837129710776,0.003907978500272691,-0.006503452591185344,-0.10000000000000053,0.55,82.208,-0.10339491104625465,-0.13059554916085814
1990-04-01,-0.10339491104625465,-0.13059554916085814,7.77,8.79,0.004676547883901705,9.695026358232036e-4,86.06529,12.537108,-0.008573394777767973,0.08851939149887933,0.03696724627109482,0.003422671452383952,-0.008558763298066374,-0.09999999999999964,0.17,82.4453,-0.014108565506437465,-0.03760684489673061
1990-05-01,-0.014108565506437465,-0.03760684489673061,7.74,8.76,0.002330098141623438,0.0013418646592432938,76.6617,2.7009759,-0.0035040467120044383,-0.001006317220507924,-0.05097499154121543,0.003598420579532302,-0.003528279377873922,0.20000000000000018,-0.71,81.8914,-0.0921905004839969,-0.06513127361800031
1990-06-01,-0.0921905004839969,-0.06513127361800031,7.73,8.48,0.0015503879074545424,0.001355747678111087,118.53795,-6.2026044,-0.01072287165932373,0.03205535463132847,0.10460330491055636,-3.1239261757853853e-4,-0.010697191431525255,0,0.02,81.9465,0.09504734797763259,0.08317285455397272
1990-07-01,0.09504734797763259,0.08317285455397272,7.62,8.47,0.0061776258239572,0.0013036115243031901,120.52674,-15.030916,-0.030763129772994446,0.004389890234078209,-0.004814795354114665,0.004084629098599635,-0.030835085102118853,-0.20000000000000018,-0.04,82.0299,0.38379477287060837,0.37465342179189065
1990-08-01,0.38379477287060837,0.37465342179189065,7.45,8.75,0.004608303086194532,0.005887566509091946,111.56962,-25.012349,0.00938447954546362,-0.012471288440069728,0.06509301473862372,0.003354978139942233,0.009444854798662305,0.2999999999999998,-0.58,81.6588,0.19777533972854533,0.20154483021365222
1990-09-01,0.19777533972854533,0.20154483021365222,7.36,8.89,0.008393792128468469,0.00199969814213551,142.16524,-15.996776,0.01576796154384752,-0.02660108436814035,-0.06058815275131657,0.005412523845189199,0.015682458099390395,0.20000000000000018,-0.22,81.7904,0.06601604293567176,0.08890572186811596
1990-10-01,0.06601604293567176,0.08890572186811596,7.17,8.72,0.006815626535059849,0.004479801803143077,157.69529,-18.593704,-0.008683122573462043,-0.07557256032568915,-0.13025980387154412,0.0038789569308939065,-0.00865690103582839,0.20000000000000018,-0.8,81.5324,-0.11088019162916973,-0.08760017709560586
1990-11-01,-0.11088019162916973,-0.08760017709560586,7.06,8.39,0.00676948805524713,0.002423537020918973,141.11953,-14.577819,0.04307858272148124,0.010759035207488665,-0.09863490963802768,0.0014430681513761812,0.04308905793174489,0,-0.92,80.8739,-0.17357449919176382,-0.17021485463909736
1990-12-01,-0.17357449919176382,-0.17021485463909736,6.74,8.08,0.002246350626373683,7.907432771021628e-4,145.29094,-9.6146169,-0.020765700289564037,-0.022142742060195175,-0.0092004172528668,0.001011975124312059,-0.020807357824080164,0.2999999999999998,-1.4,79.7574,-0.08183892920103197,-0.14016080992199775
1991-01-01,-0.08183892920103197,-0.14016080992199775,6.22,8.09,0.0037327404296840783,0.0031448097739270246,134.48512,-0.33839873,-0.006655372613510124,-0.048486868539102446,-0.09785027627595433,0.0028158686578674264,-0.006667360981147397,0.09999999999999964,-0.96,78.966,-0.20932707754354807,-0.1984277336805862
1991-02-01,-0.20932707754354807,-0.1984277336805862,5.94,7.85,0.00371885887873713,0.0024034161332489477,175.65861,0.28849601,0.021836694609174145,-0.006837808887134145,0.13850706541013835,0.004847939977386417,0.0218940707630777,0.10000000000000053,-1.09,78.3785,-0.028729068440860317,-0.04013916759034464
1991-03-01,-0.028729068440860317,-0.04013916759034464,5.91,8.11,7.421150618878158e-4,0.0013631317740266267,115.21345,10.044143,0.018101835363982133,0.032544608280176135,0.035065275092486914,0.0050969437730508105,0.018110188281308837,0.1999999999999993,-0.86,77.7074,0.0434514770544876,0.03900842050100728
1991-04-01,0.0434514770544876,0.03900842050100728,5.65,8.04,0,0.0020648803906545905,116.02571,17.983973,-0.01198723436412763,0.016988770084100935,-0.05991839905354546,0.005251732461664105,-0.01198732532141733,0.20000000000000018,-0.9,77.0762,0.015326889902142149,-0.0015131045937821774
1991-05-01,0.015326889902142149,-0.0015131045937821774,5.46,8.07,0.0022230464879466894,0.0015882450451420434,107.24167,10.531423,-0.004915320424371927,0.004408700087825679,0.06790827268214628,0.003155856728582762,-0.0049778103843935995,-0.09999999999999964,0.02,77.3401,-0.0531733536201755,-0.035045665336342235
1991-06-01,-0.0531733536201755,-0.035045665336342235,5.57,8.28,0.0036941305401416713,0.0011880694661777222,94.75868,14.366431,-0.013406823683228097,0.05058219578570444,0.14049299689486006,0.003175842319343758,-0.0133831124390138,0.20000000000000018,-0.04,77.7655,0.05673398172369959,0.018575706621871912
1991-07-01,0.05673398172369959,0.018575706621871912,5.58,8.27,0.002945510229757531,0.0010971646713032767,96.9376,16.550269,-0.012085149461299238,-0.025524725181501395,-0.004568016134207653,0.0026587418013033215,-0.01200089646034641,0,0.03,78.4582,0.01052784938969964,0.02800614217773001
1991-08-01,0.01052784938969964,0.02800614217773001,5.33,7.9,0.0014695079793591859,0.0020229850587306676,93.53158,8.0768409,0.0036817386649197203,-0.013766252856370897,-0.06170074530918335,0.0012522362995923686,0.003631213501860131,-0.10000000000000053,0.15,78.8209,0.0062546080045531305,0.012456860189006935
1991-09-01,0.0062546080045531305,0.012456860189006935,5.22,7.65,0.0029325534212780724,4.769608410693696e-4,100.59554,2.9153719,-0.004228336109520114,0.009330784433958073,0.10963348935794492,-3.2781511521129403e-4,-0.004201662714096166,0.10000000000000053,-0.34,78.7857,0.05795584578388624,0.04280988998692603
1991-10-01,0.05795584578388624,0.04280988998692603,4.99,7.53,0.002923978691435458,0.0011212802473025741,117.04782,6.0236871,0.0070825684243853715,-0.013604739626115858,-0.133939946457172,-2.9806703530255163e-5,0.0070107819794147375,0,0.26,79.51,-0.038072240759793985,-0.030378882429009213
1991-11-01,-0.038072240759793985,-0.030378882429009213,4.56,7.42,0.0014587894636592935,0.0021019624548008005,105.54142,10.365859,0.00932124276815749,0.004665576832213247,-0.022445483393052967,0.001548771716882058,0.00941412814986542,0.09999999999999964,-0.36,79.3369,-0.14422003649460713,-0.12242729732041768
1991-12-01,-0.14422003649460713,-0.12242729732041768,4.07,7.09,0.004363643287773833,0.002014073901714954,122.24914,10.963548,-0.01476491434933358,0.0037709975698536624,-0.027653175849614797,0.0016058050316338779,-0.014839712472225486,0,-0.39,79.0308,-0.03781297948147033,-0.06506773025610979
1992-01-01,-0.03781297948147033,-0.06506773025610979,3.8,7.03,0.0028985527540115186,8.702396747362448e-4,139.99912,5.523159,-0.003965274902332894,-0.05669054057216805,0.006670898262138181,0.001988809893111565,-0.003942067033702479,0.2999999999999998,-0.81,78.6833,0.00947349498987382,-0.008397397835726572
1992-02-01,0.00947349498987382,-0.008397397835726572,3.84,7.34,7.23327337142976e-4,9.113426915139642e-4,109.20085,2.648466,0.00845844060707357,0.050286299433135895,0.0679021300942555,0.002665325710893285,0.00841053650739454,0,-0.07,78.0844,-0.008346605050200129,0.01864959676122524
1992-03-01,-0.008346605050200129,0.01864959676122524,4.04,7.54,0.002166848085090045,4.717886103471136e-4,125.53676,-10.706352,0.0037966147299410835,0.014443981353940316,-0.15928472300265462,0.005544755549479419,0.003797638404713588,0.10000000000000053,0.1,78.6553,0.06479268815889538,0.05775084968138655
1992-04-01,0.06479268815889538,0.05775084968138655,3.75,7.48,0.00360101217359432,0.0016592174118763765,91.70582,-18.03384,-0.005564240453631797,-0.022675013160011304,0.04654686379512363,0.0011464014542035272,-0.005464924856507736,0,0.44,79.3055,0.03425318385200482,0.07643046523586783
1992-05-01,0.03425318385200482,0.07643046523586783,3.63,7.39,0.002154399397026552,6.881935467777112e-4,87.58229,-21.849818,-0.007513183350782882,0.027557673606800392,0.14104397812928582,-0.0012346406412842015,-0.007625943044826222,0,0.23,79.546,0.062185640562467004,0.05101194202628534
1992-06-01,0.062185640562467004,0.05101194202628534,3.66,7.26,0.0021497679364923528,7.550691932243713e-4,96.87494,-14.182556,-0.01714880913136163,-0.01296315520292346,-0.010995433662294829,-3.2361031716732214e-4,-0.017133737330241594,0.1999999999999993,-0.06,79.8013,-0.03047334853668815,-0.0073999439572083325
1992-07-01,-0.03047334853668815,-0.0073999439572083325,3.21,6.84,0.002859187080045622,8.924545964063829e-4,122.34916,-22.187157,-2.7901785895245723e-4,-0.055175184160146884,0.018151099257707415,-0.001531213491166028,-1.8281917667373193e-4,0.20000000000000018,0.05,79.8363,-0.022541826581349067,-0.027268928221683808
1992-08-01,-0.022541826581349067,-0.027268928221683808,3.13,6.59,0.0028510354308393104,3.7113294641325894e-4,120.91493,-31.614128,-0.005035679965615714,0.02299602023960645,0.09647330447075575,1.4733399169308825e-4,-0.005064296350926867,-0.09999999999999964,0.42,80.3727,0.022861316545347066,-0.0016090694986399257
1992-09-01,0.022861316545347066,-0.0016090694986399257,2.91,6.42,0.0021329549501416523,8.733770175504622e-4,115.90751,-31.566484,-0.02974673183301313,-0.013514025931891993,-0.05116939016535582,0.001442725528855604,-0.029793142143341278,-0.10000000000000053,-0.61,79.7793,-0.01296494055286379,-9.820418269779196e-5
1992-10-01,-0.01296494055286379,-9.820418269779196e-5,2.86,6.59,0.0021284151348259783,9.457875151360882e-4,127.01963,-32.932924,0.015481960609420753,-0.018800113252218864,-0.03771650200776833,0.003377835818055175,0.01553424866731934,0,0.09,79.7097,-0.06708082262478943,-0.05264371381662869
1992-11-01,-0.06708082262478943,-0.05264371381662869,3.13,6.87,0.004243287837866205,5.060179813644667e-4,138.52178,-32.339009,0.013563361361070392,0.03239530594125739,0.07406202155061159,0.003950781393236014,0.013507803572546884,-0.2999999999999998,0.2,79.9935,-0.04820746343224647,-0.0840794453837832
1992-12-01,-0.04820746343224647,-0.0840794453837832,3.22,6.77,0.0028188884064199726,4.6829579942612965e-4,118.77686,-19.572505,-0.014417210850828255,-0.022117862877662375,-0.08978485131824065,7.882866852000348e-4,-0.014361628419836237,0.10000000000000053,0.1,80.116,-0.023279260682538272,-0.011806347624372382
1993-01-01,-0.023279260682538272,-0.011806347624372382,3,6.6,0.0014064699927516244,3.4845678816580234e-4,106.86792,-7.7676739,0.011184373682857185,-0.022517559140970533,-0.030521526580393754,-5.254554067661843e-4,0.011197449777989199,0,0.46,79.8775,0.05210686086186378,0.03356723071396317
1993-02-01,0.05210686086186378,0.03356723071396317,2.93,6.26,0.003507544809678187,0.0011572147552575346,102.53033,-12.38974,-0.020194087829143115,0.026547720219973314,0.05807502990749214,-0.0016365180893131992,-0.02022640021422717,-0.10000000000000053,0.21,80.4289,0.009986795611717003,0.021880019990844435
1993-03-01,0.009986795611717003,0.021880019990844435,2.95,5.98,0.0020986366569202275,9.958092548683327e-4,119.96253,-10.226178,-0.002589184415393575,0.017107247643565415,-0.02185176921939913,-0.001346289128655087,-0.0026457838096680675,-0.20000000000000018,0.16,80.4847,-0.006933939610552997,0.025825042005096055
1993-04-01,-0.006933939610552997,0.025825042005096055,2.87,5.97,0.001396648271721368,0.0010101016999505233,121.55786,-2.1076137,0.004454990482322785,0.014271680386947594,0.052527100836480045,-8.203686258934084e-4,0.004530585788432795,-0.09999999999999964,-0.46,80.179,-0.01770342978057826,-0.02816545654385383
1993-05-01,-0.01770342978057826,-0.02816545654385383,2.96,6.04,0.0034831104528203483,8.145197819838184e-4,109.25684,1.9238297,-0.013424958033116496,0.03382531320467308,0.06561685444702192,-1.1725047646393705e-4,-0.013400766395185393,0.09999999999999964,0.26,80.4439,-0.044757746527192666,-0.06355625204039095
1993-06-01,-0.044757746527192666,-0.06355625204039095,3.07,5.96,0.0027777795639023495,5.738942451334715e-4,133.58967,8.004759,-0.004953390081416487,0.011833546728782451,-0.01732590475930529,0.00747645198666369,-0.005005986670601814,0,-0.12,80.2365,-0.06630778198969,-0.06212127696049441
1993-07-01,-0.06630778198969,-0.06212127696049441,3.04,5.81,6.932409289763797e-4,6.084457368028481e-4,126.04877,4.6671576,-0.00762355253581859,-0.0016620863856537937,0.055974638765901474,0.001599000238940107,-0.007653397899233028,-0.09999999999999964,0.04,79.9618,0.004611289268107832,-0.012884888503344794
1993-08-01,0.004611289268107832,-0.012884888503344794,3.02,5.68,0.0013850417726617437,2.7997894996072186e-4,117.5845,-6.8158407,-0.015872171820706882,-0.0011446442272902146,0.012146457133345834,-1.1620475290641252e-4,-0.015780041795035338,-0.09999999999999964,-0.01,80.046,-0.030106540727354858,-0.02205283327367802
1993-09-01,-0.030106540727354858,-0.02205283327367802,2.95,5.36,0.002073972399129431,4.6996311380118674e-4,106.03237,-6.1324707,0.01041211250969809,-0.047734800517480025,-0.09310380784149963,0.0010743790687488541,0.01033067038787916,-0.10000000000000053,-0.03,79.7781,0.03234028643938025,0.013341125415228916
1993-10-01,0.03234028643938025,0.013341125415228916,3.02,5.33,0.001380262468957838,3.120862782203212e-4,106.27469,-3.9634401,-0.006830019127193054,-0.044932748947754675,-0.009075845084595358,0.0018846321123557885,-0.006865944225459053,-0.09999999999999964,0.4,80.2291,-0.09140912303140691,-0.1067507732356816
1993-11-01,-0.09140912303140691,-0.1067507732356816,3.1,5.72,0.004129393342011234,5.791529245638987e-4,84.48769,-7.5093604,0.018744552951053706,0.029459116001856245,0.08725193965419997,0.0013026677579226487,0.018780017899689305,0.09999999999999964,0.36,80.7528,-0.13653060054629584,-0.11415792105744416
1993-12-01,-0.13653060054629584,-0.11415792105744416,3.06,5.77,0.002743485945750912,2.6928433916353244e-4,84.55661,-13.088112,0.010617509385795643,0.02093161331326776,-0.025957163364420666,0.003869035258954767,0.010593563143164175,-0.20000000000000018,0.29,80.945,0.03452119436823331,0.029033031743713078
1994-01-01,0.03452119436823331,0.029033031743713078,2.98,5.75,0.002052686317742136,4.21024249428177e-4,77.52033,-18.263645,-0.007843177461026585,-0.005714369221225368,-0.022986194546650296,0.0012671717849155328,-0.007851708392049517,-0.09999999999999964,0.5,81.304,-0.01950366536768522,-0.00505325853899663
1994-02-01,-0.01950366536768522,-0.00505325853899663,3.25,5.97,0,0.0010407715780368257,80.0098,-18.747408,-0.0059963616600811065,0.007964975021263143,-0.13994476107436427,1.1511785202777958e-4,-0.005967608721225481,0.09999999999999964,0.07,81.171,-0.009511834792141904,0.01875027524827866
1994-03-01,-0.009511834792141904,0.01875027524827866,3.5,6.48,0.002730377122857064,9.016644238112849e-4,94.5927,-24.823939,-0.0069184054564637165,-0.008066356190692403,0.06006046924274244,2.3019595532325354e-4,-0.006838144572160587,0,0.21,81.0779,0.11133450215052898,0.0975233643436284
1994-04-01,0.11133450215052898,0.0975233643436284,3.68,6.97,0.002722942458456501,0.0013638536959187171,87.00632,-25.450345,-0.0035513502847255296,0.020641256023502308,0.009302392662313252,0.0012651314261109547,-0.0036565998666979738,-0.09999999999999964,0.98,81.9404,0.08370582401124649,0.07726580139878525
1994-05-01,0.08370582401124649,0.07726580139878525,4.14,7.18,6.795786873841081e-4,7.50804676370228e-4,100.41637,-13.224998,-0.020063556680680605,-0.008666165459032982,0.08754743332760384,3.4475824170066005e-4,-0.019991387976300068,-0.09999999999999964,0.26,82.4288,0.0606418067685488,0.07665008447503263
1994-06-01,0.0606418067685488,0.07665008447503263,4.14,7.1,0.0020359694850986543,8.01533729182499e-4,96.5273,-0.32388045,0.011428695823623158,-0.023392304231764527,0.03434238428143388,0.0027251490596125194,0.011443350709702926,-0.3000000000000007,0.41,82.7008,0.02761925547643873,0.024404603090550037
1994-07-01,0.02761925547643873,0.024404603090550037,4.33,7.3,0.0027081939368791552,3.257325463554006e-4,92.37979,-9.6539225,-0.011579947430959692,-0.010951211607300948,0.02198494702574294,-0.003242331004251753,-0.011669877251795135,0,0.45,82.711,-0.07135797300365887,-0.054367423981728
1994-08-01,-0.07135797300365887,-0.054367423981728,4.48,7.24,0.0033749610165259014,5.555082126572191e-4,85.37095,-5.6736661,-0.01677891712910906,0.013911740580791587,0.06561669751110166,0.0024972385496635496,-0.0167385070321453,0,0.05,82.7866,-0.053934866878790455,-0.04807419298868654
1994-09-01,-0.053934866878790455,-0.04807419298868654,4.62,7.46,0.004034975212179326,8.06696652389022e-4,92.82606,-0.42821391,0.0065925880781136925,-0.012126384893988984,-0.04810311501839237,-7.169589776427898e-4,0.0066372385439503745,-0.09999999999999964,0.82,83.1704,0.014684728374926515,0.02170551072767868
1994-10-01,0.014684728374926515,0.02170551072767868,4.95,7.74,0.0020113985996852435,0.0011536639562282115,90.63002,3.2493142,0.009883757187870046,0.020511500220644407,0.04950216135152097,1.1474798486510451e-4,0.009829368885447387,-0.09999999999999964,0.12,83.1894,0.016885361042799918,0.008936475633575025
1994-11-01,0.016885361042799918,0.008936475633575025,5.29,7.96,6.695681535724418e-4,8.439237590352168e-4,76.49899,19.588412,0.0073867826645166446,0.02331499552736105,-0.09765150524910382,-5.164696545421066e-4,0.007416691844897905,-0.10000000000000053,0.63,83.7073,-0.0536726781006176,-0.04419054738749262
1994-12-01,-0.0536726781006176,-0.04419054738749262,5.6,7.81,0.002673798384402737,7.056500777624517e-4,91.77528,22.431199,-0.0045160395885162075,0.008846740337627779,-0.014396861225918656,8.319587369332027e-4,-0.004465158038286177,-0.20000000000000018,0.53,84.078,0.04734907502514707,0.045585487989871165
1995-01-01,0.04734907502514707,0.045585487989871165,5.71,7.78,0.002000667556296243,2.8827587101781267e-4,91.795,29.197293,0.019719790490556832,-0.02645824181721146,0.022352796833429167,-2.2943673382691543e-4,0.01962168804151254,-0.09999999999999964,0.62,84.7029,0.026301579145263876,0.03584617968146153
1995-02-01,0.026301579145263876,0.03584617968146153,5.77,7.47,0.002661345549514138,4.6350206020613665e-4,107.95494,30.295356,-0.011605546120307508,-0.02031496774488417,-0.10053721892075096,0.001719493746296763,-0.011528942073254278,0.09999999999999964,0.12,84.4997,-0.003602913198534452,-0.001986097971629075
1995-03-01,-0.003602913198534452,-0.001986097971629075,5.73,7.2,0.0026542815848733525,4.8078902021110516e-4,86.32307,28.84944,0.01662252580382706,-0.004184702852716882,0.006283064114519732,-7.160964458208241e-4,0.016661379889142403,-0.1999999999999993,-0.24,83.9407,0.06682877037664037,0.07907251242099589
1995-04-01,0.06682877037664037,0.07907251242099589,5.65,7.06,0.001986097971629519,2.5584519654197225e-4,78.09662,38.668294,-0.02897022070601274,0.03112271045160142,0.12140886772376192,3.4379029131059724e-4,-0.028974084769185282,0,-0.07,83.8319,-0.010047032028828617,-0.009489130806204393
1995-05-01,-0.010047032028828617,-0.009489130806204393,5.67,6.63,0.003960401216096976,0.0010054617217091731,65.99178,41.223623,6.058770255013002e-4,-0.008998020560365916,-0.048939004903356675,0.0023174981403624173,4.962237475414355e-4,0.39999999999999947,-0.55,83.2477,-0.06955310750609822,-0.06478631181342331
1995-06-01,-0.06955310750609822,-0.06478631181342331,5.47,6.17,0.0019743343037168515,6.938824583894122e-4,74.70236,40.793986,0.0037784372013724976,-0.012240040252855522,0.039969116003737426,0.0071190892121268945,0.0038720011933079945,-0.20000000000000018,0.02,83.1848,-0.063936742356832,-0.056143954223205395
1995-07-01,-0.063936742356832,-0.056143954223205395,5.42,6.28,0.0019704439872993973,7.717638657358299e-4,79.67356,29.329818,-0.007571205155393557,-0.013452418120881049,0.07898149895188844,0.006984236163633639,-0.00767510250335679,0,0.23,83.1979,0.0370791543680169,4.5731460435005644e-4
1995-08-01,0.0370791543680169,4.5731460435005644e-4,5.4,6.49,0.0013114755978103076,2.0632508750285163e-4,83.03811,27.554931,-0.019957678075620322,-0.03826980970208105,-0.08720635683277322,0.005199342825939368,-0.019936353924688177,0.10000000000000053,-0.59,82.2668,0.010279146781758897,0.008918463283135836
1995-09-01,0.010279146781758897,0.008918463283135836,5.28,6.2,0.001963994084659859,3.793767748676206e-4,66.76376,33.3909,-3.1017369975749887e-4,-0.025184655334328454,0.023399244698916633,0.00603657302340288,-3.309926761794202e-4,0,0.74,82.873,-0.047484993522256325,-0.02806518435696237
1995-10-01,-0.047484993522256325,-0.02806518435696237,5.28,6.04,0.0013071897286218714,4.880929419207364e-4,75.22518,29.57228,-0.004820035764268482,-0.006206057767871087,0.07384861736933424,0.0036433965571749383,-0.004744635901749561,-0.10000000000000053,0.13,83.2199,0.030321104913213937,0.01271826196157999
1995-11-01,0.030321104913213937,0.01271826196157999,5.36,5.93,0.002609264363613306,5.432998765426561e-4,80.62605,13.664657,7.78998247698226e-4,0.016942689341965078,-0.12374871556119516,0.0031321486350446293,7.787321934085156e-4,-0.09999999999999964,-0.29,82.7187,0.05490024304533314,0.058041540540027636
1995-12-01,0.05490024304533314,0.058041540540027636,5.14,5.71,0.0013020835172987688,8.230113246626602e-4,90.53283,10.021683,0.025220466383332862,0.025107143243825902,0.031580839704142605,0.001797243789040337,0.025245793414574003,0.09999999999999964,0.03,82.3841,-0.014158120836933463,-0.008041045439940664
1996-01-01,-0.014158120836933463,-0.008041045439940664,5,5.65,0.0013003903002832828,0.0013858184898218671,84.34724,8.1051547,-0.008387391906905961,-0.050316811611851975,-0.05431071541240051,0.0026484965960289486,-0.00844307260036814,0,0.07,82.269,0.010184001192118597,0.014516912598944387
1996-02-01,0.010184001192118597,0.014516912598944387,4.83,5.81,0.005184716734186523,0.0012644420019330407,90.66317,3.08424,-0.0053742931657758675,-8.146317540127512e-4,0.05444765481692926,0.00505676181290049,-0.005319295265630686,0,-0.87,81.2588,0.10772928004556048,0.10998747486384453
1996-03-01,0.10772928004556048,0.10998747486384453,4.96,6.27,0.001937359340226763,0.0017643803153894948,75.83463,-4.5222136,0.012546064196650164,-0.005996543161197465,-0.0993990426791953,0.003803170240708198,0.01246948769973244,-0.09999999999999964,0.74,82.0193,0.09303479276475679,0.06554370485071503
1996-04-01,0.09303479276475679,0.06554370485071503,4.95,6.51,0.0032206147000417573,9.863242748903754e-4,72.65243,-8.2957992,-9.126864034829651e-4,-0.0053650661367292685,0.08727601226705595,0.0068311667661529185,-8.115704760447429e-4,0,-0.14,81.361,-0.10633533659316408,-0.060320187841544914
1996-05-01,-0.10633533659316408,-0.060320187841544914,5.02,6.74,0.0038510959020978675,0.001124986345788786,69.19065,-3.5109295,-0.019516562601001652,0.011681604550211944,0.021391189981317282,0.0029250081792113747,-0.019600954608557153,0.09999999999999964,0.42,81.9023,-0.03798659366101864,-0.0424898376979308
1996-06-01,-0.03798659366101864,-0.0424898376979308,5.09,6.91,0.0019200005898243333,3.940090234881469e-4,69.42779,-6.3233915,-0.007789414677079165,0.0024674492221663513,0.08550660499539653,0.0032130493533824023,-0.007804587602173285,0,0.39,82.0839,0.04027960399252706,0.012476081465766509
1996-07-01,0.04027960399252706,0.012476081465766509,5.15,6.87,0.0019163212507642413,0.002384206267434649,81.17971,-17.001755,0.009959621698433452,0.03398983652323473,-0.00888227519781104,0.003471431480912557,0.010021671073447536,-0.2999999999999998,0.35,82.4435,0.02650648946027756,0.04508459014757271
1996-08-01,0.02650648946027756,0.04508459014757271,5.05,6.64,0.001912655986332723,0.0011126388891273414,73.610830000000007,-29.930755,-0.01875641106735415,-0.019337583665555158,-0.020053978309190867,0.0039144240019926,-0.018823568845442118,0.20000000000000018,0.06,82.3587,0.0871407976499512,0.06779613927998485
1996-09-01,0.0871407976499512,0.06779613927998485,5.09,6.83,0.0012730746467983778,6.811963811820184e-4,83.65826,-32.794903,0.003465116083301467,0.015268061658881393,0.030429719870467054,0.0018446490373271729,0.003510340374382359,-0.40000000000000036,0.22,82.2579,0.03409565806012527,0.04898943062047101
1996-10-01,0.03409565806012527,0.04898943062047101,4.99,6.53,0.0031756139738865485,6.028599782344809e-4,77.97562,-38.239531,0.01900072736732561,-0.03589680592230593,-0.08944506035192745,0.0025075372596887746,0.01897052354823625,0.10000000000000053,0.3,82.4841,-0.05132293999247439,-0.027568292868695554
1996-11-01,-0.05132293999247439,-0.027568292868695554,5.03,6.2,0.0031655613645611425,6.96787194252819e-4,64.19595,-28.946194,-1.542852737763667e-4,0.019045197242222756,0.04624179734302736,0.00515533548587932,-1.5308340331365855e-4,0,0.05,81.9411,0.05961955476427416,0.0218954128585076
1996-12-01,0.05961955476427416,0.0218954128585076,4.91,6.3,0.0031555721988096863,0.0017108172247562615,74.20867,-4.4748451,-7.717836301903702e-4,-0.028423196575408483,-0.04746653723892358,0.005893329600644037,-8.134680700022656e-4,0.20000000000000018,0.49,82.2297,-0.0058552421098392315,-0.010534403988382568
1997-01-01,-0.0058552421098392315,-0.010534403988382568,5.03,6.58,0.0025173078113773784,0.0013510209542591113,69.97417,-2.0362531,0.004621792235770528,-0.05297655172877569,-0.00505086050910819,0.006173102335669256,0.004678141720101614,0,0.06,82.4586,-0.12675165849813164,-0.09945192914415024
1997-02-01,-0.12675165849813164,-0.09945192914415024,5.01,6.42,0.0018838310123738822,0.0014707533993935796,74.96831,-3.6868251,-0.01611438650348873,0.05701122197469566,0.025002991772760552,0.00418126360492721,-0.01608994065276459,-0.10000000000000053,0.27,82.0669,-0.05672411511960007,-0.0865929685829312
1997-03-01,-0.05672411511960007,-0.0865929685829312,5.14,6.69,0.00188028886485192,0.0020236817839291432,87.69729,-5.3640316,0.01734326530637098,-0.011375377216513272,-0.007771712706780676,0.0030465203424725473,0.017366710942885888,-0.09999999999999964,0.82,82.7319,-0.06309979567762003,-0.07256792717539984
1997-04-01,-0.06309979567762003,-0.07256792717539984,5.16,6.89,6.259781112074592e-4,0.0029943557886723364,75.01231,-2.9209709,-0.009563546591079941,0.05281028310749747,0.04214476737367612,0.0038663687476958586,-0.009601242644125207,0,0.3,83.0964,0.05529542744287985,0.039587357178395344
1997-05-01,0.05529542744287985,0.039587357178395344,5.05,6.71,6.255865077342548e-4,0.0019935571637689094,75.45429,-9.2022488,-0.0017063526982088462,0.01870845089008988,0.029606380686514555,0.004083642696468104,-0.0016653953790068954,-0.10000000000000053,0.08,82.5301,-0.07975807161119342,-0.06875169745492649
1997-06-01,-0.07975807161119342,-0.06875169745492649,4.93,6.49,0,0.0019667769604592156,73.45813,-16.635571,0.005110347939298876,0.022141766296275733,0.0800908616893512,0.0031418222645740457,0.005103556816861143,-0.1999999999999993,0.22,82.6165,0.019308047550885554,0.006789121839487322
1997-07-01,0.019308047550885554,0.006789121839487322,5.05,6.22,0.0018744147943507983,0.001995602115409322,78.48298,-17.126058,-0.004955104595044446,-0.01841986001403484,0.012175661556350192,0.004310351501121801,-0.005036713354054534,0.09999999999999964,0.38,82.6025,0.012152367304400169,0.02402711253109091
1997-08-01,0.012152367304400169,0.02402711253109091,5.14,6.3,0.0012476607981550814,0.002488692316613627,73.89487,-11.95432,-0.0051357983869184665,-0.033748270357230936,-0.06863412123850132,0.004572224724105567,-0.005033001845300866,-0.09999999999999964,0.65,82.6718,-0.010031678963044577,-0.008628027976067099
1997-09-01,-0.010031678963044577,-0.008628027976067099,4.95,6.21,0.002490661312451792,0.002577213016689569,63.80988,-15.529353,-0.009720992197756573,-0.02877017324065534,0.05275346528533653,0.00850118679760925,-0.009720796618503336,-0.10000000000000053,0.29,83.1577,0.07257328219258596,0.046263695640165636
1997-10-01,0.07257328219258596,0.046263695640165636,4.97,6.03,0.0024844733276614406,0.009583326109098088,61.15956,-15.379054,0.021663747560793922,0.009472755831186674,0.025085789421764204,0.003959402436306547,0.02157733186276367,0.10000000000000053,0.63,83.2991,-0.05616472407886253,-0.0476813706309791
1997-11-01,-0.05616472407886253,-0.0476813706309791,5.14,5.88,0.0018593125901835705,0.0026437448876175666,83.65215,-13.337455,-0.0029336854206700735,0.03931883258369773,0.009793515547672271,0.004820859513667841,-0.0028833145551203643,-0.20000000000000018,0.44,83.4256,-0.09726660851446312,-0.11484217855584467
1997-12-01,-0.09726660851446312,-0.11484217855584467,5.16,5.81,0.0012376239203497619,0.002236161416055754,78.39389,-20.090879,-0.001237815414119936,0.023660989432647384,-0.06490451917721707,0.005620027031332242,-0.0012208660975208119,-0.10000000000000053,0.6,83.6654,-0.09316878480305046,-0.10833891799876572
1998-01-01,-0.09316878480305046,-0.10833891799876572,5.04,5.54,6.182380413308763e-4,0.0024846592415168718,88.74448,-20.14734,0.01108556387018389,-0.05997225152431085,-0.08907814519222335,0.004498187188671565,0.011059199714173573,0.10000000000000053,0.06,83.4672,-0.040273899137940106,-0.0730885767278373
1998-02-01,-0.040273899137940106,-0.0730885767278373,5.09,5.57,0.001235330607991969,0.0010400460343731924,91.04062,-26.714218,0.0015299880585555314,0.03883058109052584,0.08584557727706432,0.005760854591715159,0.0014407470315278559,-0.10000000000000053,0.31,83.5119,-0.06031333776722869,-0.0764206466350017
1998-03-01,-0.06031333776722869,-0.0764206466350017,5.03,5.65,0,0.0011248870603759516,88.81944,-42.554984,-0.009987023163686715,0.0033125397671280865,-0.03589252466050219,0.008029410488383348,-0.009951289705981914,0,0.33,82.9694,0.013863296832890892,0.036146290982472795
1998-04-01,0.013863296832890892,0.036146290982472795,4.95,5.64,0,0.0016176021198036088,78.38832,-35.522369,-0.010555826049330364,0.05115105869395542,0.009771863273792647,0.00619272507650237,-0.010562457751192689,0.10000000000000053,-0.01,82.1658,-0.031546400688956755,-0.018199021364212253
1998-05-01,-0.031546400688956755,-0.018199021364212253,5,5.65,0.001233806448929009,9.613312659319119e-4,73.20014,-42.445589,0.011636156426799715,0.04862158897680935,0.10073387651738308,0.006275385546334888,0.011644503341682544,-0.40000000000000036,0.24,81.9098,-0.08440676293363802,-0.08385261072175787
1998-06-01,-0.08440676293363802,-0.08385261072175787,4.98,5.5,0.002463055432397887,0.002092776257580878,75.8551,-42.830063,-0.02120110586852597,-7.80600133081677e-4,2.225684407139994e-4,0.005828111769345057,-0.021180539486733707,0.10000000000000053,0.28,81.7718,0.029818442443283466,-0.0076353477035642214
1998-07-01,0.029818442443283466,-0.0076353477035642214,4.96,5.46,0.0012292564547298213,0.0022437864385487687,76.28635,-51.737474,-0.01268448908179387,-0.05446408582383988,-0.02159571048671438,0.00471941943215981,-0.012626816401839491,0.09999999999999964,-0.44,80.5544,-0.051886803176212304,-0.01957387856409243
1998-08-01,-0.051886803176212304,-0.01957387856409243,4.9,5.34,0.0024539889615660115,0.009769157915832393,88.17701,-58.381095,-0.011716689691526838,0.017281109822091523,0.0778449911873711,0.004697251093121579,-0.011696689884031386,0,-0.47,79.632,0.10897140543120498,0.11815056383343636
1998-09-01,0.10897140543120498,0.11815056383343636,4.61,4.81,0.0012247398958962208,0.009794319793799777,101.40807,-63.340488,0.001451964439969089,-0.027213624319989194,-0.03532801554001708,0.005905739074130167,0.001333405008240085,0,1.06,81.1967,-0.04110548244674028,-0.05551060789192319
1998-10-01,-0.04110548244674028,-0.05551060789192319,3.96,4.53,6.118079114054709e-4,0.005103968060770052,123.96147,-54.491646,-0.06907348089411336,-0.06019366317751995,-0.07663419034060404,0.009180423216930578,-0.06898306252404929,0.09999999999999964,-0.01,80.69,-0.10765637161534336,-0.09826530149573176
1998-11-01,-0.10765637161534336,-0.09826530149573176,4.41,4.83,0.0024434954124759045,0.0019376015503015328,109.88134,-42.485173,0.05935365708492313,0.06373155657418117,0.019456546655936435,0.009375505962252006,0.05925211254525742,-0.09999999999999964,0.28,80.9323,-0.1375580980601594,-0.15916695972139294
1998-12-01,-0.1375580980601594,-0.15916695972139294,4.39,4.65,0.0012195123462612756,0.0032701602225960265,92.94632,-45.013432,-4.884800227387132e-4,0.015361866922688705,0.031012879033214702,0.008943383892409784,-4.313383367380297e-4,-0.09999999999999964,0.05,80.6126,0.09628646718302569,0.0769899943686494
1999-01-01,0.09628646718302569,0.0769899943686494,4.34,4.72,0.0018264845260347329,0.0033149269286551993,91.40618,-57.212094,-0.01592416477962999,-0.035601168397287,-0.0680345580451398,0.006649722974033878,-0.015839249889515905,0,0.25,80.7039,-0.041587729580060184,0.016593840981211194
1999-02-01,-0.041587729580060184,0.016593840981211194,4.44,5,0.001823154561514606,0.0034779597356824747,98.64504,-62.797682,-0.013326867238452778,0.02643527279173874,0.0048969939604077695,0.006242473510118529,-0.013341961122424806,-0.10000000000000053,0.11,80.5411,0.20013940680270048,0.15754618917937124
1999-03-01,0.20013940680270048,0.15754618917937124,4.44,5.23,0,0.0032037163439521316,82.38359,-58.603117,5.029759515871035e-4,0.004238319069523655,0.008896328171928758,0.005164926306012063,3.5938171039706646e-4,0.10000000000000053,0.53,80.9135,0.15814576628072086,0.1961195875442181
1999-04-01,0.15814576628072086,0.1961195875442181,4.29,5.18,6.069802917769707e-4,0.0027121693070689483,66.00054,-43.939652,-0.014009850210237929,0.033533001769473714,0.03150141337278711,0.0015352662638061787,-0.013985181195257823,-0.20000000000000018,-0.08,80.5142,0.022806984828672494,0.04876577481782185
1999-05-01,0.022806984828672494,0.04876577481782185,4.5,5.54,0.006652579721027507,0.0031037192367932473,67.53295,-48.986377,6.796941638054221e-4,-0.027979258604965196,0.05747622324596868,0.00647629877710898,7.730089837645338e-4,0.09999999999999964,0,80.4615,0.011223462369849724,0.021601856503788763
1999-06-01,0.011223462369849724,0.021601856503788763,4.57,5.9,6.025911601446055e-4,0.0023858435554187127,67.08854,-34.865631,-0.002040470015900908,0.01334802027695936,-0.017217380743563382,0.00552110930280314,-0.0020913650511893422,-0.09999999999999964,0.56,80.7769,0.11059440611804083,0.12198984102898924
1999-07-01,0.11059440611804083,0.12198984102898924,4.55,5.79,0,0.001628164557164064,73.01111,-41.91406,-0.01976858532242254,-0.024613127416024838,-0.023352556810483094,0.004869868754182605,-0.01970563387546953,0.09999999999999964,-0.08,80.2235,0.05465120356381359,0.07794433398318157
1999-08-01,0.05465120356381359,0.07794433398318157,4.72,5.94,0.0042080014002046084,0.002720449993916259,79.81311,-43.388453,0.006575555791663135,4.400320751916098e-4,0.05504973148514836,0.00605968636651788,0.0065305296798836565,0,0.18,80.246,0.10773755777222771,0.09687643093985132
1999-09-01,0.10773755777222771,0.09687643093985132,4.68,5.92,0.002396645844600087,0.002704158148844913,69.55318,-36.636744,-0.0031093478151777987,-0.05166653191331072,-0.05280203442735498,0.0038071810161461883,-0.0030704505214478317,-0.09999999999999964,0.34,80.2934,-0.04954752826714248,-0.0027108881486821446
1999-10-01,-0.04954752826714248,-0.0027108881486821446,4.86,6.11,0.004180358431757902,0.004838792487761346,69.81624,-27.757179,0.004143652337655013,-0.03763342693430971,-0.043712149635210196,0.0035301248083214887,0.004064425437648289,0,-0.19,79.5853,0.09516846468279372,0.06616084816081136
1999-11-01,0.09516846468279372,0.06616084816081136,5.07,6.03,0.0017862463814637408,0.001349729962151017,62.71155,-12.204084,0.024339555702516336,0.0018170332065174932,0.01003509004712555,0.005217498055491987,0.02440140187603923,-0.10000000000000053,0.75,80.3954,0.04068700910681633,0.048596647409438365
1999-12-01,0.04068700910681633,0.048596647409438365,5.2,6.28,0.001783061393656027,0.0011393124577203776,82.06383,-12.589327,0.002183590352801801,-0.01906116027203808,-0.0462159810942282,0.004150149908078049,0.0022230441579456084,0,0.36,80.5533,0.040527404962506175,0.03491950417604173
2000-01-01,0.040527404962506175,0.03491950417604173,5.32,6.66,0.0023724803536309125,0.00527199317052177,83.80947,-11.987003,-1.6779931241650559e-4,-0.04752021765909653,0.0012152146349038162,0.005945256456286074,-2.9999536881319955e-4,-0.09999999999999964,0.6,80.7751,0.07042717103096985,0.07564277468194103
2000-02-01,0.07042717103096985,0.07564277468194103,5.55,6.52,0.0029577069772326325,0.0030428026878604156,89.20154,-10.05215,-0.029807196908379296,-0.0021289369166570538,-0.05043713542193551,0.006081528161443472,-0.029670137555102727,0,0.16,80.4566,0.010010910672633155,0.005389310465907737
2000-03-01,0.010010910672633155,0.005389310465907737,5.69,6.26,0.004126147911172495,0.006542764278500866,77.60139,-8.7056609,0.011687998301415092,0.006915656884665111,0.06058705339494175,0.0028453781832933345,0.011591679304254754,0.09999999999999964,-0.23,80.3117,-0.14799590958502673,-0.1307827037980971
2000-04-01,-0.14799590958502673,-0.1307827037980971,5.66,5.99,0.005865119452398204,0.008076340028801322,77.54831,5.9716476,0.011215070820139061,0.038568322560180945,0.05519287037636644,0.006558377956734418,0.011278563192094637,-0.09999999999999964,0.44,80.5056,0.11100533166856952,0.07964965838719396
2000-05-01,0.11100533166856952,0.07964965838719396,5.79,6.44,-5.849663811146044e-4,0.005167897922515225,76.05923,9.0572647,-0.010873365708322424,0.022453183157081114,0.06079860119362657,0.011836205484708984,-0.010878755734038847,-0.20000000000000018,0.42,80.686,0.09424278999956748,0.08689515275489468
2000-06-01,0.09424278999956748,0.08689515275489468,5.69,6.1,0.0017538735860958,0.0023445768408610007,97.9862,5.0717769,-0.0011964790761620492,-0.03047960006702688,-0.02778861104257757,-0.0025410839525203954,-0.0013071635855510522,0.20000000000000018,-0.35,80.3851,-0.07184737025998933,-0.03488243901205346
2000-07-01,-0.07184737025998933,-0.03488243901205346,5.96,6.05,0.00582412828598855,0.002077971487250071,92.96502,3.8417429,-0.004113116338549716,-0.013971713692763288,0.04813476166330588,0.0037568386037030166,-0.004053937119641304,0,0.13,80.165,0.051192279184676615,0.0281708769666964
2000-08-01,0.051192279184676615,0.0281708769666964,6.09,5.83,0.00289939315900245,0.0010321127780103239,79.44697,5.5275717,-0.014530613728757302,-0.029446291667753144,-0.01426256283081706,0.003701036122501833,-0.014446003549520192,0,-0.29,79.9203,0.07528772771690662,0.05411876008280281
2000-09-01,0.07528772771690662,0.05411876008280281,6,5.8,0,0.0015983351481266448,66.58133,6.9842949,0.008674585970641857,0.017901113162945848,0.055969511305244524,0.005868414893649643,0.008567797028629087,0.09999999999999964,-0.36,79.1048,-0.02471613735868683,-0.029934893957791253
2000-10-01,-0.02471613735868683,-0.029934893957791253,6.11,5.74,0.00519781707361755,0.005526460894600652,75.14165,10.989286,-0.005369372906883996,-0.033245568578369245,-0.046860243782708366,0.007380107297622729,-0.005376339602610969,-0.19999999999999973,0.36,79.2101,0.03707879616607368,0.007990049129474208
2000-11-01,0.03707879616607368,0.007990049129474208,6.17,5.72,0.001726619133987306,0.003300643745309653,84.66172,12.260659,0.008818246820412767,-5.038037181748223e-5,-0.0558319810672927,0.003310546384470925,0.00887582664502684,0,-0.52,78.6355,-0.1931347648354529,-0.17704387028473612
2000-12-01,-0.1931347648354529,-0.17704387028473612,5.77,5.24,0.0017236430581650808,0.0052717481546757814,125.06753,11.561023,0.004123008761103719,0.030346814122651722,-0.006263301987287306,0.002337503627378723,0.0040603625843207425,0,-0.36,78.1248,0.0339288236815638,-0.03389325719595693
2001-01-01,0.0339288236815638,-0.03389325719595693,5.15,5.16,0.002293578987099032,0.004851577445136284,115.26872,4.7114859,0.0037645492781805956,-0.003266034080883884,0.034839815134860785,0.00915370855432407,0.0038377371805724536,0,-0.27,77.3581,-0.0015996381357537004,0.01713491949046997
2001-02-01,-0.0015996381357537004,0.01713491949046997,4.88,5.1,0.005711037795514962,0.002552341172797295,111.41604,1.59873,-0.009610508155377673,0.030424846966266017,-0.032598415563738214,0.010236413190579441,-0.009638241753792798,0.30000000000000027,-0.66,76.786,-0.0836266414682556,-0.08231422070841576
2001-03-01,-0.0836266414682556,-0.08231422070841576,4.42,4.89,0.0022753138371349735,0.007262709569774679,110.91785,-4.1774677,-0.0032818062100172796,-0.04112966454665212,-0.036944117043884006,0.0077436782058537545,-0.003251315070150085,0,-0.57,76.0676,0.007066652997370859,-0.002571693342714898
2001-04-01,0.007066652997370859,-0.002571693342714898,3.87,5.14,5.680204640086117e-4,0.007313294762175781,116.02693,-2.5239578,0.01715307922624909,0.08830272917925797,0.10926738198001829,0.011454969782191071,0.017188683282445716,0.09999999999999964,-0.69,75.6574,0.035543747425397676,0.06381680384988497
2001-05-01,0.035543747425397676,0.06381680384988497,3.62,5.39,0.0017021280705309394,0.0025175993273709595,122.6734,-6.8119082,-0.002895343928456029,0.0689751537057095,0.05154839045342641,0.012590851575184914,-0.0030130348409302954,0.10000000000000053,-0.89,75.0576,-0.038892868467362174,-0.030250410355965762
2001-06-01,-0.038892868467362174,-0.030250410355965762,3.49,5.28,0.005089069507471677,0.0015127295537007946,100.42901,-6.5301535,-0.005815958918665487,-0.0067168633312615356,-0.022605483486682232,-3.6978290272848824e-4,-0.0056808509433414756,-0.10000000000000053,-0.42,74.3599,-0.04162637882178055,-0.04927404931366741
2001-07-01,-0.04162637882178055,-0.04927404931366741,3.51,5.24,0.002253522080443382,0.0029077855830303267,86.39027,-11.615938,-0.010866859847203258,-0.06321485123844539,-0.0821947434430097,0.008316177147593251,-0.010973925220389091,0.20000000000000018,-0.92,73.6743,0.034947794436389845,0.04341967211397213
2001-08-01,0.034947794436389845,0.04341967211397213,3.36,4.97,-0.001689665285127262,0.002236201030416118,102.13185,-24.456724,-0.002952672575055715,0.014921420822709308,0.047926843470674996,0.005755494660919069,-0.0029785298143840677,0.09999999999999964,-0.52,73.0168,-0.04762623270567312,-0.058402746873598144
2001-09-01,-0.04762623270567312,-0.058402746873598144,2.64,4.73,0,0.0072829819132859555,84.28912,-45.123614,-0.004183377200851268,-0.01594059700118855,-0.01785101534233391,0.006466570583549824,-0.004049526509171564,0.3000000000000007,-0.43,72.5684,-0.1642080274012847,-0.1794213516030161
2001-10-01,-0.1642080274012847,-0.1794213516030161,2.16,4.57,0.003938120420137636,0.003245341379454413,188.05949,-48.987016,-0.002798672458180107,0.0043809266758358945,-0.004700361180331569,0.021002951512848256,-0.0028700343622984903,0.09999999999999964,-1.12,72.1084,-0.12060849905930127,-0.15483201341686392
2001-11-01,-0.12060849905930127,-0.15483201341686392,1.87,4.65,-0.002811359737546759,0.0021680935121333785,173.14334,-53.640191,0.006460083574975073,0.012680866640959465,-0.013800758121481849,-0.0021123674773679824,0.006476576386597266,0.2999999999999998,-0.18,71.6482,-0.012247294631767769,-0.006309340247770745
2001-12-01,-0.012247294631767769,-0.006309340247770745,1.69,5.09,-5.632216425990322e-4,0.0017935718235528057,130.57563,-58.323553,0.023222854920721403,-0.003338538238658373,0.011764206691401213,0.008144445045561,0.02326918242145215,0.20000000000000018,-0.81,71.2675,0.015186214634802297,0.06441502688518996
2002-01-01,0.015186214634802297,0.06441502688518996,1.65,5.04,-5.63539039991845e-4,0.002207268890729021,117.23658,-56.36085,0.0010197145683044084,-6.728936280939735e-4,-0.05298888061868823,0.009789512979063275,0.0010339485982946428,0.20000000000000018,-0.32,71.2844,0.04777925308531339,0.06636664811353565
2002-02-01,0.04777925308531339,0.06636664811353565,1.72,4.91,0.001689665285127262,0.0025802473452787027,116.83745,-49.586035,-0.002380953505740635,0.02632521755100825,-0.014816774368208385,0.0037426429288949237,-0.002386056635286238,0,-0.05,71.6773,0.16599238995150722,0.19771611182398363
2002-03-01,0.16599238995150722,0.19771611182398363,1.79,5.28,0.001686815131479058,0.0019996416704138103,87.60069,-46.520141,0.0013612389374362266,0.02178701775666525,0.005039525039697068,0.005351073392558803,0.0012773041385587547,0,-0.1,71.6304,0.06062712281996241,0.06861022281019746
2002-04-01,0.06062712281996241,0.06861022281019746,1.71,5.21,0.002805050927608299,0.002328306299238179,83.44043,-36.253792,8.498343334615299e-4,0.018603540788353357,0.005241579913123573,0.0021469777719982375,8.288965571052742e-4,0,-0.03,72.1017,0.031206663375762833,0.0178861573867799
2002-05-01,0.031206663375762833,0.0178861573867799,1.73,5.16,0.00447177939139376,0.004055434066851536,88.5661,-35.413335,-0.007161155922828399,-0.02691026057725665,0.05548384259690664,1.817504384860058e-5,-0.007054004931204005,0.20000000000000018,0.16,72.3014,-0.05841174063793941,-0.04190758735087163
2002-06-01,-0.05841174063793941,-0.04190758735087163,1.7,4.93,0.0011148273172461032,0.003724659419793527,86.29886,-39.528863,0.010383955760872254,0.007304253270767447,0.002362544054225424,0.004750516621728096,0.010319939970411696,-0.10000000000000053,0.07,72.647,0.05303798365293799,0.061380554932461084
2002-07-01,0.05303798365293799,0.061380554932461084,1.68,4.65,5.569479397662391e-4,0.015186574031735291,93.61022,-43.165356,-0.0035626469101330827,-0.029400969369106633,1.0725585895521306e-4,0.004511991483653333,-0.003504510458800958,0,0.3,73.3658,0.04853790645051603,0.024462807092174188
2002-08-01,0.04853790645051603,0.024462807092174188,1.62,4.26,0.0022246950221109785,0.009372920916548776,110.30517,-43.926655,-0.02286305000757416,-0.042719271356633115,-0.015128881596300658,0.0076597111516232275,-0.022965658121255395,0,-0.27,73.2563,0.042101696039765546,0.053635505399822314
2002-09-01,0.042101696039765546,0.053635505399822314,1.63,3.87,0.002773926882725597,0.007509810929038403,116.01482,-42.629814,0.00779427172681757,-0.026836317414838717,0.038449845218403667,0.007530544831347186,0.007793647458457897,-0.09999999999999964,-0.07,73.3176,-0.030245969943840212,-0.045506751404126966
2002-10-01,-0.030245969943840212,-0.045506751404126966,1.58,3.94,0.0016606701851404893,0.011375456592871933,124.04315,-26.107714,-0.06873410579783723,-0.0902769050845098,-0.08150193052507682,0.004247568462501405,-0.06866519339469779,0,-0.34,73.3689,-0.09194929752540348,-0.09473529873362052
2002-11-01,-0.09194929752540348,-0.09473529873362052,1.23,4.05,0.0022099456508026805,0.004420900598408996,111.88598,-11.766883,-0.00984314753818083,0.07412512666613225,0.08024380496595818,0.00788084364495667,-0.00983892054234392,0,-0.35,73.1681,0.10991360800863959,0.11763188299314509
2002-12-01,0.10991360800863959,0.11763188299314509,1.19,4.03,0.0016542600960258724,0.00264818838882673,123.28439,-5.0369333,0.04845238338594626,-0.01174742345270019,0.012717778001805513,0.008896545438505044,0.04832912456565275,0.20000000000000018,0.15,73.5668,0.10756706349654266,0.12284270505041084
2003-01-01,0.10756706349654266,0.12284270505041084,1.17,4.05,0.0016515280384732378,0.005163582145452771,122.22166,8.1639997,0.017275240119555946,-0.03696143233096194,-0.09934773763995075,0.00369231188712682,0.017299962175425065,0.09999999999999964,-0.59,73.057,0.07833276034282433,0.056288473286500995
2003-02-01,0.07833276034282433,0.056288473286500995,1.17,3.9,0.004390786417490133,0.0025589733128512037,138.9534,9.5588013,0.005750647545927023,-0.012939333157786947,-0.012432530344964832,0.005642080273489114,0.005846081158879635,-0.20000000000000018,0.39,73.7116,-0.06857428299152923,-0.09933477012807712
2003-03-01,-0.06857428299152923,-0.09933477012807712,1.13,3.81,0.005461510025521754,0.006111882956619177,126.72774,7.9921629,0.004853537002235342,-0.010856212769418505,-0.018589417049017953,0.0061919702479205085,0.004789651069109446,0.10000000000000053,-0.46,73.6196,-0.16977264049069207,-0.17352544210878396
2003-04-01,-0.16977264049069207,-0.17352544210878396,1.13,3.96,0.0016326534238855217,0.003025990747264607,163.52381,17.993039,0.003452446032389034,0.038005344735097424,0.08502293293126151,0.00344810269426965,0.003554663093477295,0,-0.18,73.725,-4.933001266307357e-4,0.028640335744833045
2003-05-01,-4.933001266307357e-4,0.028640335744833045,1.07,3.57,-0.0038136793702454597,0.0022249160276529034,135.62755,29.487603,-0.013357818532547583,0.03416963891038627,0.0733334627666764,0.006302095786413275,-0.013470841413822932,0.09999999999999964,-0.63,73.2311,0.08574059224158237,0.07800120439392666
2003-06-01,0.08574059224158237,0.07800120439392666,0.92,3.33,-0.0016388968432101692,0.001989500203786586,102.61982,37.599075,-0.011063419544255382,-0.020288511084357808,0.02241018041678089,0.010075227593484115,-0.010943909247304262,0.09999999999999964,0.01,73.2797,-1.5269346839374975e-5,0.02319366183717353
2003-07-01,-1.5269346839374975e-5,0.02319366183717353,0.9,3.98,0.0010928962836445066,0.0020384610142683006,95.82729,33.30546,-7.065889712816187e-4,-0.0032589830587053115,-0.011391337086344322,0.006166721025678612,-7.787486350041561e-4,0.20000000000000018,0.14,73.6297,0.021646686672954996,0.01514141641399469
2003-08-01,0.021646686672954996,0.01514141641399469,0.95,4.45,0.003271540540615625,9.711447540242581e-4,91.74151,35.733426,-0.028862808417331465,0.001151855386908096,-3.9856517068059816e-4,0.007783431957328446,-0.028792184868847492,-0.09999999999999964,0.09,73.9182,-0.11223895954496221,-0.10821748418598442
2003-09-01,-0.11223895954496221,-0.10821748418598442,0.94,4.27,0.0043454712595014655,0.0018725298997505824,95.67182,39.664974,0.013728539316701927,-0.019231055252280527,-0.001096874019332006,0.009542528112717719,0.013609217790224726,-0.10000000000000053,-0.15,73.6423,0.07033295598295064,0.06376675670147147
2003-10-01,0.07033295598295064,0.06376675670147147,0.92,4.29,0.0032467560988704847,0.0013961898205138402,106.11577,46.965128,0.006259521466443374,0.025298487237350287,0.025998510106163053,-0.004496676103523001,0.0063011526751823865,0,0.35,74.3034,0.024521650303913844,0.0049347787193472215
2003-11-01,0.024521650303913844,0.0049347787193472215,0.93,4.3,-0.0010810811863732894,9.145355918729328e-4,88.04379,99.725996,8.910274134912299e-4,0.02748495734904388,-0.02201563119769645,-0.0015967475840437118,8.123727986619755e-4,-0.09999999999999964,0.14,74.3747,0.029561805249056494,0.03866156203367632
2003-12-01,0.029561805249056494,0.03866156203367632,0.9,4.27,5.406866852455394e-4,8.877657705819194e-4,84.91824,101.9074,-0.012006236866593412,-0.046609231389679096,-0.07338204149788652,9.056852951214722e-4,-0.012000580154316154,-0.20000000000000018,0.48,75.074700000000007,0.0613432881825382,0.04609882782356589
2004-01-01,0.0613432881825382,0.04609882782356589,0.88,4.15,0.00269905696916517,9.7788089255517e-4,91.73699,109.91387,0.004317329965580541,-0.04491202895630586,0.03499174962250251,-2.798515159039283e-4,0.004477211036801876,-0.09999999999999964,0.04,75.0148,0.00886983117116591,0.016934753197868524
2004-02-01,0.00886983117116591,0.016934753197868524,0.93,4.08,0.004303395560053325,6.075145592608308e-4,96.56646,122.27162,0.0025098614824852206,0.010105899163388443,-0.03541960287536483,0.001365592229262802,0.0024146474543886853,0,0.05,74.9678,0.055274436072954014,0.044646392946753544
2004-03-01,0.055274436072954014,0.044646392946753544,0.94,3.83,0.002144772940133599,0.0019845705149056712,99.4573,126.36387,-0.002330376603604023,0.045730291681630675,-0.003214747732158685,0.006506139847289205,-0.00234576854264823,-0.10000000000000053,0.46,75.5466,-0.0013299906524113503,0.003979273313917453
2004-04-01,-0.0013299906524113503,0.003979273313917453,0.94,4.35,0.0021401827323677125,0.0012366933756263897,96.78947,120.28552,0.008043657632736512,0.04482039161669249,0.07950591019432984,0.005879639404628989,0.008009593376698376,0.20000000000000018,0.54,75.5405,0.08745698484455833,0.09402559621589024
2004-05-01,0.08745698484455833,0.09402559621589024,1.02,4.72,0.00160213652427732,9.770153977144839e-4,94.11529,106.92542,-0.010199605287805724,0.019819244644928347,0.002672871957090095,0.006636046623725633,-0.010071293747956567,-0.20000000000000018,0.08,75.789,-0.061192293266377984,-0.06825106849375562
2004-06-01,-0.061192293266377984,-0.06825106849375562,1.27,4.73,0.004259857346958107,7.680095355561219e-4,92.32118,84.485827,-7.196833703932981e-4,0.003974944688295068,0.03277387703865742,0.012313175625516593,-7.864488704187877e-4,0,0.56,76.3573,0.06875824204919301,0.06934871742833026
2004-07-01,0.06875824204919301,0.06934871742833026,1.33,4.5,0.003712547356184537,7.812381057860591e-4,85.34598,62.839552,-0.027184014492229736,0.0011060913275500184,0.007719838196038609,3.5049707215684123e-4,-0.027183308143129636,0,-0.28,75.786,0.09571734864853321,0.09430011448158737
2004-08-01,0.09571734864853321,0.09430011448158737,1.48,4.28,0.001058201156947547,0.0014458739589624538,87.54419,89.280368,0.014140351300200749,-0.03478254543924386,-0.022563484230454733,0.002100406532402843,0.01416373928975645,-0.09999999999999964,0.47,76.4606,0.019732172954693983,0.020870981822956214
2004-09-01,0.019732172954693983,0.020870981822956214,1.65,4.13,5.286809533657788e-4,7.069195775389195e-4,85.92587,99.242818,-0.029422050104578545,-0.05508592387571554,0.015608757012827823,0.004235110106025175,-0.02948679559013989,-0.09999999999999964,0.3,76.7794,0.14296995613282304,0.11005107460566288
2004-10-01,0.14296995613282304,0.11005107460566288,1.76,4.1,0.0031662295580501265,0.0012258341799239437,100.01189,98.41948,-0.046904618983894864,-0.02064268949969872,-0.0757418993143677,0.005430163303620006,-0.04680390872271323,0,0.17,76.8286,-0.09932186741226223,-0.13321088453959407
2004-11-01,-0.09932186741226223,-0.13321088453959407,2.07,4.19,0.005254872838358793,8.513649161375767e-4,105.69511,107.23811,0.017364595908743397,0.049025483099622846,0.06632870907018606,0.0043355393077053606,0.017268854909341602,0.09999999999999964,0.43,77.5592,-0.11626263232784728,-0.15770843424443992
2004-12-01,-0.11626263232784728,-0.15770843424443992,2.19,4.23,0.0047058910374122576,7.245043540543934e-4,95.24086,122.60437,0.04777647933858553,0.005468752758194029,-0.012038980357203855,0.004145132283314368,0.04785712104655371,-0.09999999999999964,0.04,77.4826,0.08257690571491816,0.09804420718202556
2005-01-01,0.08257690571491816,0.09804420718202556,2.33,4.22,0,8.241084852875591e-4,77.59643,126.65087,0.01591545530589933,-0.008700721637621811,-0.013471859188344482,0.0028369255551261574,0.015905163157265534,0,0.85,78.0452,0.023416926819772144,0.05174851214206333
2005-02-01,0.023416926819772144,0.05174851214206333,2.54,4.17,-5.217845148388633e-4,8.353657830269884e-4,73.91848,106.50273,-0.01168322891325424,0.0011192686748451308,-0.010349380862002988,9.801405652698492e-4,-0.011682070445388604,-0.10000000000000053,0.19,78.435,0.1145436001310256,0.1372680472901293
2005-03-01,0.1145436001310256,0.1372680472901293,2.74,4.5,0.004166672694846163,8.60245208547e-4,58.95005,106.91739,0.01004849964175314,0.05468872104330913,0.02196368464502818,0.001258770766922268,0.010092511217536959,0.10000000000000053,0.4,79.0327,-0.025684286712580384,-0.013654248502509514
2005-04-01,-0.025684286712580384,-0.013654248502509514,2.78,4.34,0.0036316512028626846,0.0018263408525341558,57.55796,109.89214,0.018015259334372757,0.056986477855980766,0.0022481804102856273,0.0014588121030243428,0.017944491200869273,-0.20000000000000018,-0.28,78.5127,-0.06078087598013715,-0.046077287602852124
2005-05-01,-0.06078087598013715,-0.046077287602852124,2.84,4.14,0.0031023809784818113,8.569424942709729e-4,74.56597,106.57834,-0.006807622134537894,0.05406442398117761,-0.0017590154051791984,0.002091386576498877,-0.006791191884112813,0,0.57,78.6962,0.12244863262199868,0.1313929366821811
2005-06-01,0.12244863262199868,0.1313929366821811,2.97,4,-5.163955704734491e-4,5.421203306840812e-4,70.50812,85.61821,0.005914525710078777,-0.004324738596819699,0.02014010754911766,0.0026582607147069837,-0.010093879007909479,-0.10000000000000053,-0.02,78.7294,0.03977916731936926,0.06262742350969575
2005-07-01,0.03977916731936926,0.06262742350969575,3.22,4.18,5.163955704734491e-4,6.480487702039793e-4,74.56133,56.920077,-0.027905416442180808,-0.024835035373200753,0.03142212563203017,0.005034381375150332,-0.011812120116721836,-0.09999999999999964,0.41,78.7768,0.09055784131175226,0.09946861741345803
2005-08-01,0.09055784131175226,0.09946861741345803,3.44,4.26,0.006176036100564275,6.976615128572561e-4,68.71645,35.096648,-0.035347298389229564,-0.029479610439430814,-0.03670831219318593,0.00487163167042759,-0.035306257581654954,0,-0.05,78.3186,-0.004484727620786444,-0.011631311543778278
2005-09-01,-0.004484727620786444,-0.011631311543778278,3.42,4.2,0.006138126688785661,6.580678963460677e-4,64.39586,34.062703,-0.01052540575252614,-0.02797249329498719,0.0025985289632632913,0.005000086637855006,-0.010558152603359794,-0.09999999999999964,0.21,78.5603,-0.05361199713985876,-0.06252596525525345
2005-10-01,-0.05361199713985876,-0.06252596525525345,3.71,4.46,0.013674561020173392,0.001815298179650155,91.40605,56.803706,-0.20986162083730164,-0.010633959388906433,-0.12789016945992948,0.005126505190945707,-0.21033241602729147,0.09999999999999964,-0.62,77.48,-0.06033881994741419,-0.0964956412848279
2005-11-01,-0.06033881994741419,-0.0964956412848279,3.88,4.54,0.0015079168476770377,5.379740103676392e-4,76.16369,68.804236,0.07781321532992358,0.05028737308464848,0.03107944109679117,0.005100358121586268,0.07789771234021448,0,0.65,78.4707,0.018517474667247402,0.017457297138455452
2005-12-01,0.018517474667247402,0.017457297138455452,3.89,4.47,-0.005035257365645585,4.322495453012895e-4,72.21598,61.407375,0.0641954326516867,9.401427661543948e-4,0.08306813329650709,0.0025254436704624794,0.06431200664536041,0,0.75,79.0556,0.09139562334806817,0.08775012950639693
2006-01-01,0.09139562334806817,0.08775012950639693,4.24,4.42,0,9.756606223151886e-4,78.04893,50.104413,0.026614064454182795,0.003903141547953126,-0.02626273954706626,0.004060386894789048,0.026705527414464747,-0.09999999999999964,0.33,79.0069,-0.06125032456479884,-0.05665996511198301
2006-02-01,-0.06125032456479884,-0.05665996511198301,4.43,4.57,0.006039273514243604,6.486679157661869e-4,79.17535,35.741454,0.011957097421122498,-0.0012086237227038055,-0.023278047333239016,0.006305031358218471,0.011922391955031753,-0.20000000000000018,0.48,79.4643,0.01554979741769369,0.04493915040033958
2006-03-01,0.01554979741769369,0.04493915040033958,4.51,4.72,5.016303089888652e-4,5.419541937443869e-4,72.69299,43.597132,-0.0031746058407726707,0.05790182681980838,0.021976680714820063,0.0036485564916812763,-0.0031277304894752334,0.09999999999999964,0.1,79.0794,0.0972661096856946,0.1157767795588418
2006-04-01,0.0972661096856946,0.1157767795588418,4.6,4.99,0.001503382894031624,5.875260988619619e-4,64.22933,49.76304,-9.941346877013757e-4,4.552564690030181e-4,-0.02361636134453171,0.002159125358161873,-9.23099894329038e-4,-0.09999999999999964,0.23,78.8769,0.01697566571908471,0.028247745760687337
2006-05-01,0.01697566571908471,0.028247745760687337,4.72,5.11,0.004995015380522716,0.0013604757422847856,79.76153,44.137219,0.010881500187533533,0.014249889519977188,0.011117458583148832,0.005539119361293032,0.010796661090835435,0,-0.09,79.0167,-9.291845823438116e-4,-0.011842678569990994
2006-06-01,-9.291845823438116e-4,-0.011842678569990994,4.79,5.11,0.0029850768434540598,0.0020888012884818,70.83626,43.068443,0.013485985685475654,-0.020416344277983,0.04405037137002665,9.98487667937198e-4,0.013474790152724125,-0.10000000000000053,0.02,78.699700000000007,0.042178798890857294,0.05832805837224386
2006-07-01,0.042178798890857294,0.05832805837224386,4.95,5.09,0.002480775273762781,0.001441647209408263,79.49433,53.695434,0.002326935314064471,-0.011515251916200953,0.038929493425939654,0.0055761002114653735,0.0023832721266838774,0,0.03,78.8103,-0.023008979079311764,-0.027336724335969453
2006-08-01,-0.023008979079311764,-0.027336724335969453,4.96,4.88,0.0054361389122599135,4.614794471645709e-4,80.56231,64.843523,-0.013454429340246321,-0.015535740035389267,-0.046137784914000335,0.006082053465625847,-0.013385536579689106,0.10000000000000053,-0.28,78.4505,-0.1303351968643729,-0.14340484766717143
2006-09-01,-0.1303351968643729,-0.14340484766717143,4.81,4.72,0.004425873956855675,5.168463296254056e-4,72.76996,83.535263,-0.010657294473988443,0.003934411565364115,0.03222517096001454,0.0045590474589332075,-0.010740138595680904,0,0.18,78.9204,-0.07563414699602822,-0.07906288647493342
2006-10-01,-0.07563414699602822,-0.07906288647493342,4.92,4.73,-0.004918849071596121,4.4788425931738377e-4,67.06754,93.312725,-0.0017873105740964235,-3.936469638592399e-4,0.013725890024771203,0.003934431304834618,-0.001754777757145387,-0.20000000000000018,0,78.8536,0.002725988624286746,-4.9517208241312e-4
2006-11-01,0.002725988624286746,-4.9517208241312e-4,4.94,4.6,-0.0044477463982364185,5.912602966092849e-4,63.46447,93.651959,0.015189166661111031,0.019627584043250934,-0.058048577589939754,0.0070660530059605264,0.015250896570504935,-0.09999999999999964,-0.27,78.3077,0.042165786700354424,0.03674135514011789
2006-12-01,0.042165786700354424,0.03674135514011789,4.85,4.56,4.9517208241312e-4,3.5608573565006215e-4,62.51985,97.712692,-0.00865125332841643,-0.014291999909625375,-0.021807406154382036,0.005057387069605568,-0.008647482983775046,0.09999999999999964,-0.11,78.2181,-0.1297627505287111,-0.1050596758963187
2007-01-01,-0.1297627505287111,-0.1050596758963187,4.98,4.76,0.00543077118513402,4.507947742393133e-4,63.37041,100.76194,0.02380600227459695,-0.06874946741577581,-0.03425732302309825,0.006077668116912349,0.023781184797996513,-0.09999999999999964,0.77,79.2287,0.0800169607781025,0.0774590296555644
2007-02-01,0.0800169607781025,0.0774590296555644,5.03,4.72,0.0016579060562325054,0.0015193144413313778,79.01967,103.62781,-0.015154748946180518,0.038549114132885975,0.06640099288116375,0.005380900970601843,-0.015208830885084623,0.1999999999999993,-0.48,78.7671,0.014192508923507319,0.04096980095174052
2007-03-01,0.014192508923507319,0.04096980095174052,4.94,4.56,0.0038708491335395223,0.0015884608967137363,57.20262,101.96318,0.001955799567305405,-0.021731962007907057,-0.12524149290409703,0.002245205326923738,0.0019679838368213964,-0.09999999999999964,0.2,78.8272,0.05392322763483515,0.06794826831227674
2007-04-01,0.05392322763483515,0.06794826831227674,4.87,4.69,0.0051866474931996365,5.771016226116315e-4,69.88729,116.87072,1.953697378489494e-4,0.041036096269779776,0.14165680006843928,0.004740438871904118,2.633243988929834e-4,-0.09999999999999964,0.24,79.3171,-0.012285225023246582,0.01390879891273622
2007-05-01,-0.012285225023246582,0.01390879891273622,4.73,4.75,0.002996169481998656,6.97345943030255e-4,62.50171,128.35379,0.011845948795945915,0.03298527759837633,-0.02132401523399885,0.0100633097376992,0.011836221514567313,0.09999999999999964,-0.09,79.6259,0.05925558042080681,0.05590885294289194
2007-06-01,0.05925558042080681,0.05590885294289194,4.61,5.1,0.004124476656923726,0.0014785064686770658,74.68187,138.78003,0.005966719655685182,0.03261142921310345,0.016301791040596925,0.0019178636193242227,0.005961186286925546,-0.09999999999999964,0.05,79.4375,0.09192695019516339,0.07930074630385331
2007-07-01,0.09192695019516339,0.07930074630385331,4.82,5,0.0023140721794590036,0.0024484257478187433,73.29654,128.35662,-0.026445250999227454,0.00216009063631617,-0.030774684426559062,0.004565966783967923,-0.026464914677418516,0.1999999999999993,-0.02,79.5925,-0.024339974090183958,-0.03584387179722581
2007-08-01,-0.024339974090183958,-0.03584387179722581,4.2,4.67,0.0017790124666809959,0.005156144527719023,59.32398,141.32585,-0.007317346997432139,-0.050233854297056624,-0.007617557131913699,0.00423099936274518,-0.0073655987720808724,0.10000000000000053,-0.4,79.4648,0.09514387356776588,0.053531728352274044
2007-09-01,0.09514387356776588,0.053531728352274044,3.89,4.52,3.082332001183019e-4,0.0018464289547531513,89.10405,150.51901,-0.01358933782188032,-0.04925964987288722,0.03722967603323113,0.010344333923320903,-0.01363703412317463,-0.10000000000000053,-0.07,79.1076,0.06791437775251907,0.08004319688061345
2007-10-01,0.06791437775251907,0.08004319688061345,3.9,4.53,0.004228600245438585,0.0016926162872521566,100.74438,167.79813,-0.01377655500261632,-0.02985097785926527,-8.728119644434429e-4,0.0024581651784281178,-0.01370527413057987,0.10000000000000053,-0.08,79.2064,0.09160573290531371,0.07654010970415204
2007-11-01,0.09160573290531371,0.07654010970415204,3.27,4.15,0.0030784944010990856,0.005653739753385525,89.45453,187.2047,0.024184975629472305,-0.01252702962520047,-0.052074877669785025,0.00203489029930104,0.024163880163938334,0,-0.27,78.9737,-0.035933404823243364,-0.03039348208330095
2007-12-01,-0.035933404823243364,-0.03039348208330095,3,4.1,0.007828164082873457,0.0023608791853200342,102.44111,187.71459,0.002386635977730478,-0.025428059814688098,0.022236614630502416,0.0034270311801947173,0.00240522115711439,0,-0.08,79.2783,0.010421763038784171,0.01572205576693264
2008-01-01,0.010421763038784171,0.01572205576693264,2.75,3.74,0.0028938234029487475,0.004880543228265983,108.54379,180.83392,0.015180183073018938,-0.04583901021575798,-0.017037561174349847,0.004056909329905878,0.01508796861179329,0.2999999999999998,-0.44,79.2943,0.02328198205189569,0.027663419908497744
2008-02-01,0.02328198205189569,0.027663419908497744,2.12,3.74,0.003441775367173605,0.0032774113976452067,144.98473,148.85973,7.823196174463476e-4,0.0346996579248664,0.02480420381941606,0.004479589396563455,8.769256539107317e-4,0,-0.23,79.0333,0.09669151387492159,0.10011718783586243
2008-03-01,0.09669151387492159,0.10011718783586243,1.26,3.51,0.002414908637454083,0.006240542091388525,108.10469,144.56947,0.006430890330291206,0.020331595357236054,-0.04524557090781478,0.011440788745636254,0.0064607319837231,-0.09999999999999964,-0.79,78.3808,0.06311546614558905,0.07467989231513261
2008-04-01,0.06311546614558905,0.07467989231513261,1.29,3.68,0.00357164189274517,0.002851025411687001,111.71236,160.33343,0.00793271065172263,0.0400993831814862,0,0.008642190752981449,0.00795542805059224,0.1999999999999993,-0.79,78.0497,0.10194449609481593,0.10113019181199778
2008-05-01,0.10194449609481593,0.10113019181199778,1.73,3.88,0.002311706965508087,0.00164582738907736,102.1969,163.00967,-0.0017359441142108523,0.01601552521693428,0.03497680014955051,0.005525773852340876,-0.001771044702016944,-0.09999999999999964,-0.67,77.2828,0.05501152934713982,0.06928233187716115
2008-06-01,0.05501152934713982,0.06928233187716115,1.86,4.1,0.005900052068123607,0.0034847341250414787,94.28405,189.47923,-0.007168489478614148,-0.05162602238729441,-0.03207524370971626,0.0016453231848014838,-0.00716120972306733,0.40000000000000036,-0.84,76.8707,-0.010932721102326681,0.005089291053634426
2008-07-01,-0.010932721102326681,0.005089291053634426,1.63,4.01,0.010423718797166082,0.004467526338213487,94.55676,182.92182,-9.726681050867825e-4,-0.026290128360214382,0.035975833742966756,0.0024177242514511477,-0.0010415434720707495,0.1999999999999993,-0.71,76.3794,-0.13228819919024337,-0.13750173827977985
2008-08-01,-0.13228819919024337,-0.13750173827977985,1.72,3.89,0.0071160653935047335,0.0034285262246580793,109.78898,168.70722,0.007561839232073098,-0.0018273993078636863,0.011315257204003615,0.0060894549970935685,0.007570122061240525,0.20000000000000018,-1.21,75.6664,-0.11475613064877699,-0.14379646480264396
2008-09-01,-0.11475613064877699,-0.14379646480264396,1.13,3.69,-0.0014895846082954023,0.024579600286119396,95.87075,150.20308,-0.03418800541369649,0.024366069456343453,0.01877254971693887,0.0018721554484049108,-0.0341565871466365,0.2999999999999998,-1.25,74.7397,-0.29808479955837397,-0.29923928189799565
2008-10-01,-0.29808479955837397,-0.29923928189799565,0.67,3.81,8.54726299673203e-4,0.05730128302913331,187.7403,110.53878,-0.2302645883764427,0.004946195585711521,-0.20065993311100883,0.008495924353887574,-0.2303570918109541,0,-2.58,72.1116,-0.2723883938722653,-0.34870068402134
2008-11-01,-0.2723883938722653,-0.34870068402134,0.19,3.53,-0.00863561639955801,0.03642018867321705,189.91729,10.349109,0.1758419616069684,0.027988211532093743,0.17733697490917422,0.012936137940194214,0.17587402533555618,0.40000000000000036,-1.13,71.7634,-0.3237129023626548,-0.31352673022429167
2008-12-01,-0.3237129023626548,-0.31352673022429167,0.03,2.42,-0.017864094092818306,0.020618882027193395,148.84257,-66.886553,0.06930237754589363,0.02814084581337184,-0.014178969446122736,0.006511749742101003,0.06939108836554775,0.2999999999999998,-2.34,70.018,0.011718712729677616,0.03199193753273777
2009-01-01,0.011718712729677616,0.03199193753273777,0.13,2.52,-0.008267605054081528,0.012118119013118978,145.9947,-75.631421,0.004911118799347136,0.013203653017280104,-0.054240428367730686,0.021896301652871486,0.004826809974755708,0.5,-2.67,67.6929,-0.06851027063543569,0.04199521612379353
2009-02-01,-0.06851027063543569,0.04199521612379353,0.3,2.87,0.002527574332266802,0.010160497304011003,171.94621,-55.993114,0.00800238485348359,0.07533941347121953,0.03750830348945833,0.010222173807077795,0.008084251324164349,0.5,-3.04,65.5516,0.2050713197426477,0.17654375377948295
2009-03-01,0.2050713197426477,0.17654375377948295,0.21,2.82,0.0036360422314452023,0.01991062505264341,187.11403,13.456119,0.018299653490764456,0.017574083667978968,-0.07482404808836662,0.003648782068827572,0.018321745274647583,0.5000000000000009,-1.24,65.6396,0.03404158573274607,0.07480949787429259
2009-04-01,0.03404158573274607,0.07480949787429259,0.16,2.93,-9.877705412728588e-4,0.007542695476798672,166.90338,21.250797,-0.0038248277648058604,0.025886562161348436,0.03295333942562273,0.008033229478009218,-0.003947122699476502,0.3999999999999986,-2.34,64.5874,0.17157698642876928,0.13395007824294325
2009-05-01,0.17157698642876928,0.13395007824294325,0.18,3.29,0.001006575752197314,0.006318079100551807,131.85612,4.7464614,0.011241425419855844,0.010766403204780062,-4.2662116688063634e-4,5.602741913808273e-4,0.011346369545907287,0.3000000000000007,-1.61,64.2313,0.15702796579194844,0.14797177011975693
2009-06-01,0.15702796579194844,0.14797177011975693,0.18,3.72,0.0014704123326474416,0.003491224682098421,138.80585,47.361502,0.018583359746408235,-0.03125596704708222,-0.06352914522997644,0.006900141983344099,0.018539774945638854,0.40000000000000036,-1.19,63.6299,-0.0818170139831862,-0.04453735114762791
2009-07-01,-0.0818170139831862,-0.04453735114762791,0.18,3.56,0.00826535985544119,0.003747405393916513,130.93348,87.589279,-0.020290006600392374,-0.035201995208490544,0.03770243555943331,0.001194665547062712,-0.020215248294851662,0.09999999999999964,-0.93,63.5164,0.09881690369058393,0.06707771354894598
2009-08-01,0.09881690369058393,0.06707771354894598,0.17,3.59,-2.98009855155712e-4,0.002178925654223973,126.28215,74.936313,0.0241879233686646,-0.0047307357315737875,-0.004498334427152528,4.963717690014136e-4,0.024119205940101196,0,0.14,64.6551,-0.025281930658453078,-0.008412030344914001
2009-09-01,-0.025281930658453078,-0.008412030344914001,0.12,3.4,0.003342859790879338,0.0019111491641789656,152.55009,52.283671,0.003698229067090608,-0.028914910090634294,-0.03127348898302351,-5.9078959045777424e-5,0.003631376417382981,0.09999999999999964,0,65.5019,0.0840139419910444,0.06015431570456453
2009-10-01,0.0840139419910444,0.06015431570456453,0.07,3.39,0.001929025466836265,0.003925764156578946,145.44437,38.973947,0.02569149230842882,-0.0017059506608241293,0.048714524065013975,-1.6543965626247825e-4,0.025739157302858473,0.20000000000000107,-0.21,66.3037,0.026195290456354048,0.028613839974168442
2009-11-01,0.026195290456354048,0.028613839974168442,0.05,3.4,0.002997434998585291,0.001986079088419618,138.13055,54.371833,-0.006316000424286372,-0.00751749199146623,-0.07725501129162993,0.0031033388722150335,-0.0062039244902818425,0.1999999999999993,-0.29,66.4538,-0.04670429477465099,-0.02404733836529971
2009-12-01,-0.04670429477465099,-0.02404733836529971,0.05,3.59,0.003342996544930976,9.339137472452809e-4,116.16231,90.333627,-0.023629636836949075,0.013178861670469999,0.020109310474264674,0.003422546255022141,-0.023785846720378423,-0.09999999999999964,0.06,67.2763,0.04988578978074676,0.03184384508051963
2010-01-01,0.04988578978074676,0.03184384508051963,0.06,3.73,5.200411547976458e-4,0.0020087925312408136,121.22101,80.617915,0.010509915124188751,-0.03544893684308015,-0.06744128079553136,-5.637375950851009e-4,0.010537050612965615,0,-0.28,67.324700000000007,-0.024126643949133886,-0.017059009706606343
2010-02-01,-0.024126643949133886,-0.017059009706606343,0.11,3.69,6.485218758465194e-4,0.002391873525183637,149.35928,68.717718,-0.008843093736333074,0.035158018250736944,0.038655634969098074,-0.004061241963677631,-0.008765352925999892,-0.09999999999999964,0.16,68.2023,0.06073213636846697,0.04007285359235091
2010-03-01,0.06073213636846697,0.04007285359235091,0.15,3.73,-9.522298767450366e-4,6.284213837835423e-4,132.79865,52.177094,0.027198902161517324,0.01882616838020823,0.03118550984321722,0.005833594902755479,0.027246029400251892,0,-0.35,68.3351,0.03711797276388307,0.04135761146127237
2010-04-01,0.03711797276388307,0.04135761146127237,0.16,3.85,3.313132458968582e-4,0.001810120973423804,137.47003,70.337705,-0.006866669554003835,0.04564462040405104,0.06410325920648496,-4.4572689409427824e-4,-0.00688010940287942,0.09999999999999964,0.48,69.3304,-0.1331979340388174,-0.11709133267851835
2010-05-01,-0.1331979340388174,-0.11709133267851835,0.16,3.42,2.3001407787592854e-4,0.00811220125735855,137.0774,65.232673,-0.02255527909546018,0.011136246894592361,0.04038939909088235,0.003665474320603934,-0.02256280657439813,0,0.4,70.0368,0.021884692335624845,0.011043895456269048
2010-06-01,0.021884692335624845,0.011043895456269048,0.12,3.2,-5.199071645751729e-4,0.0056265243620959296,151.10342,88.662592,0.0016677480007487588,-0.003648587291371186,-0.007326796101116528,0.0063156387463720876,0.0015870279864049763,-0.3000000000000007,0.3,71.0454,0.011056316214777429,0.016868402396111204
2010-07-01,0.011056316214777429,0.016868402396111204,0.16,3.01,-4.188828777280662e-4,0.003326398353966605,140.56916,67.128879,-0.0038957474370615586,0.009765804640791131,0.027782401727106887,0.00221615095546035,-0.003964472589808921,-0.1999999999999993,-0.17,71.1019,0.002201752879275709,0.0019459331483204778
2010-08-01,0.002201752879275709,0.0019459331483204778,0.16,2.7,0.0018675086613582081,0.002722830463869441,180.01446,19.067264,-0.015358983323816133,-0.02181786045392009,5.035500383350211e-4,0.001320392139760429,-0.015288780244453015,0,0.15,71.5936,-0.019528018624373367,-0.006659296891955879
2010-09-01,-0.019528018624373367,-0.006659296891955879,0.15,2.65,0.0014602967272390188,0.0022968028689667286,147.30909,43.249481,0.02773560755166038,0.004775928623862669,-0.039953966210802605,0.005586542225385571,0.02781775469510439,0.09999999999999964,-0.16,71.8344,0.081218080147472,0.04651795034366968
2010-10-01,0.081218080147472,0.04651795034366968,0.13,2.54,0.001613946310657255,0.001073516131582203,182.14672,54.410282,0.0305546683219724,0.009732046081451173,-0.03345720115167694,0.0035388912417460006,0.03045408693273899,0,-0.19,72.0183,0.02588104909114053,0.03598962096946634
2010-11-01,0.02588104909114053,0.03598962096946634,0.14,2.76,0.003475798701795263,0.0017335860017076482,163.42489,53.269042,0.002667379548970672,0.013025441985877961,-0.07758969248296133,0.005684205364865136,0.0026300210247418576,-0.09999999999999964,-0.12,72.135,0.0525232436378289,0.0645337881143706
2010-12-01,0.0525232436378289,0.0645337881143706,0.14,3.29,0.0025306368592339368,8.194408832667086e-4,179.13559,38.317384,-0.009815372814257373,-0.04199392970765814,0.01844706872492452,0.0023465899794725686,-0.009784289175096106,0.40000000000000036,-0.19,72.3198,-0.0030134790431670666,0.020088897903948855
2011-01-01,-0.0030134790431670666,0.020088897903948855,0.15,3.39,0.004008531438849161,8.66606837660897e-4,165.40785,24.736722,0.005544143683312797,-0.05554674947926941,-4.599287191577872e-4,0.0038836764272911495,0.0056730878728199485,-0.5,0.09,72.7705,-0.0098478809031608,0.03935980697390029
2011-02-01,-0.0098478809031608,0.03935980697390029,0.13,3.58,0.0032377948808059998,0.0010679289595957135,142.17046,-12.554084,-0.01981332826301241,0.034241895035936665,0.054605800825139994,0.0029198422754141973,-0.019976943664536506,-0.20000000000000107,0.03,72.9112,0.14430253046606056,0.10855515415918804
2011-03-01,0.14430253046606056,0.10855515415918804,0.1,3.41,0.0032093192514253133,0.0023547670949684916,145.5089,-29.790314,-0.016693041024268496,0.009868690873810593,-0.1151729199820597,0.0072400849976990145,-0.016702957408377905,-0.09999999999999964,-0.38,73.1221,0.05814652793982944,0.09370203970419855
2011-04-01,0.05814652793982944,0.09370203970419855,0.06,3.46,0.005160211385656588,6.344678157080648e-4,174.35437,-6.6965622,0.03846628082779624,0.0331519889692089,0.1151729199820597,0.006508342887672214,0.038559357934634164,0,0.41,73.6631,-0.08524522076721164,-0.04879543320267654
2011-05-01,-0.08524522076721164,-0.04879543320267654,0.04,3.17,0.004683116049055691,9.368411027410287e-4,157.49588,-17.585859,-0.010017972870278058,0.017414860950099254,-0.038180200552574206,0.0070641058809783885,-0.010030056792586173,0.09999999999999964,-0.48,73.2825,-0.04707706348460006,-0.024373160009000916
2011-06-01,-0.04707706348460006,-0.024373160009000916,0.04,3,0.0031766637911196938,0.002309701583619842,126.19207,-17.038863,0.011263192278709866,0.0049204742146429226,0.024584990608339297,0.00801419719122265,0.01120563031139099,-0.09999999999999964,-0.34,73.2916,0.008129514798332682,0.002683420816577353
2011-07-01,0.008129514798332682,0.002683420816577353,0.04,3,0,0.0018361120306572142,158.08862,-11.066703,-0.00642056780292144,-0.03476607949774113,0.019241874964052386,0.0081247473983872,-0.006333762956305833,0.09999999999999964,0.01,73.4003,-0.1227713242334394,-0.070902543270702
2011-08-01,-0.1227713242334394,-0.070902543270702,0.02,2.3,0.002616610518663798,0.019584646893718964,197.91636,-16.000722,-0.027021319419709755,-0.026843827294106504,0.0044298057420828485,0.017499893325222615,-0.027068040404618188,-0.09999999999999964,0.17,73.8092,-0.011596088986524755,0.018326400259156994
2011-09-01,-0.011596088986524755,0.018326400259156994,0.01,1.98,0.0031494972889110073,0.006994630055139953,245.12671,-14.591319,0.04052783361211709,0.0012148303112429204,-0.03734235762638605,0.019793813989092968,0.04057343092708532,0,0.01,74.1481,0.00863607455611426,0.008584345735821675
2011-10-01,0.00863607455611426,0.008584345735821675,0.02,2.15,0.0021691934558836223,0.0073334377668486,204.62979,13.647065,-0.00904341654027796,-0.04897662120298385,-0.0024649872425364094,0.0021485662660811755,-0.009113899734964903,0,-0.27,74.2838,0.11645163830359717,0.0523500796847034
2011-11-01,0.11645163830359717,0.0523500796847034,0.01,2.01,6.749796769751626e-4,0.007658243066622851,159.73957,25.622501,0.050027798581057326,0.02034958299206835,-7.855900746314148e-4,0.003438566507636409,0.050164010645261214,-0.1999999999999993,0.16,74.6215,0.014068715409270016,-0.01097591312386248
2011-12-01,0.014068715409270016,-0.01097591312386248,0.01,1.98,0.0018461448804947267,0.0027486848674189777,166.33902,13.452351,0.022947158805015633,-3.027388989185198e-4,-0.020759636110350144,0.0054211954277629815,0.02279257175933047,-0.20000000000000107,-0.35,74.3844,0.014480555593362254,-0.01471478054050257
2012-01-01,0.014480555593362254,-0.01471478054050257,0.03,1.97,2.3768024196879622e-4,6.421363762710745e-4,189.39836,15.404594,0.012015616538455731,-0.01855788841712247,-0.0014912535026265772,0.00490674055408391,0.012166516704637864,-0.09999999999999964,0.28,74.7916,0.016929965196902153,0.024398056052584938
2012-02-01,0.016929965196902153,0.024398056052584938,0.09,1.97,0.002720492157261667,6.1875764077063e-4,178.28653,-43.368472,0.010578664849541397,0.037960389644677406,-0.021348995076843735,0.007581755835838422,0.010421243716821849,-0.1999999999999993,0.37,75.3764,0.035924430122949325,0.024567225528992154
2012-03-01,0.035924430122949325,0.024567225528992154,0.08,2.17,0.0021351650368677255,0.0011491956081426014,149.63708,-82.571386,0.01462460778001251,0.014480942569997879,0.004096207962842158,0.005335417462717373,0.01476451781196264,0,0,75.6042,-0.028775832562386583,-0.024070843443150025
2012-04-01,-0.028775832562386583,-0.024070843443150025,0.08,2.05,0.0020912821313983088,0.0016281799506856671,137.55312,-62.523224,0.009368865670973392,0.06851430227916921,0.024117017246490846,0.004485429897487236,0.009313080263812168,-0.10000000000000142,-0.39,75.1074,-0.08546912197925538,-0.04779836741347321
2012-05-01,-0.08546912197925538,-0.04779836741347321,0.09,1.8,0.001659410766074565,0.0015041775420239648,136.59669,-45.286214,-0.0011069820059805835,0.02556041245091656,-0.015511312316684567,0.005444916698834845,-0.00110719525329106,0,0.06,75.4125,-0.13909371199750353,-0.11268018736156682
2012-06-01,-0.13909371199750353,-0.11268018736156682,0.09,1.62,-0.002070321770282213,0.0034364268370717277,158.56198,-37.297202,0.007880261425304624,0.013173636563013957,0.04028456435007577,0.004401012184347408,0.0078041030320727955,0,-0.17,75.1177,0.06553992877760573,0.00846000496724253
2012-07-01,0.06553992877760573,0.00846000496724253,0.1,1.53,-8.267047975740738e-4,0.0015403527411070072,194.61057,-53.156283,-0.015025984566223727,1.1856953601707687e-4,0.022218247878981856,0.007029518757565967,-0.014890691858496119,0,-0.32,75.2903,0.06268428312487462,0.03683858640256599
2012-08-01,0.06268428312487462,0.03683858640256599,0.1,1.68,2.8876823050083544e-4,7.220880808610693e-4,184.8797,-41.063858,0.02455656213487778,-0.040279159965812994,-0.05374093925095913,0.00526471526183947,0.02452674463809057,0,-0.28,75.0722,-7.310764156227556e-4,0.04332336397493641
2012-09-01,-7.310764156227556e-4,0.04332336397493641,0.11,1.72,0.005792717743123177,0.001032657483470783,152.35347,-74.303895,-0.012517766331887614,-0.027862412244672896,-0.005409462463088488,0.007032635153946032,-0.012623624944731127,-0.09999999999999964,-0.45,74.8803,-0.0572719265665973,-0.011571589455732223
2012-10-01,-0.0572719265665973,-0.011571589455732223,0.1,1.75,0.004759919863458251,9.324091714763924e-4,175.27705,-81.942015,0.038154291985552646,0.020580094544461858,-0.03332468405080036,0.0079031616410834,0.03823571231491307,-0.2999999999999998,-0.11,74.6507,-0.03195495640204182,-0.026965858194550663
2012-11-01,-0.03195495640204182,-0.026965858194550663,0.09,1.65,0.002693164754400179,0.0019094975835569638,165.94452,-52.252132,0.05484865196604183,0.017015722714752712,-0.033116010527015405,0.006462483197525515,0.05477829373248433,0,-0.26,74.48,0.01537455286463274,-0.045462231224205674
2012-12-01,0.01537455286463274,-0.045462231224205674,0.07,1.72,-0.0016807561740774801,0.0010304500463714395,187.49064,-44.609738,0.015941128917280167,0.008201528802940672,0.009207602955489946,0.006729858897196905,0.01605755574535106,-0.09999999999999964,0.28,74.847,0.07362391097647114,0.041971670355123614
2013-01-01,0.07362391097647114,0.041971670355123614,0.07,1.91,-1.2108893564644063e-4,8.897690243100374e-4,192.82518,-62.449236,0.0033831439091223103,-0.037356807986254736,-0.07338440691906101,0.011724206060378606,0.0033091074107707286,0.20000000000000018,0.14,75.3132,3.7211980999440897e-4,0.007976460711214717
2013-02-01,3.7211980999440897e-4,0.007976460711214717,0.1,1.98,0.001978829766479784,0.0012470927292760642,157.5333,-72.954705,-0.003241950827348461,0.03209269215480681,0.04525193636554192,0.0022865645770089316,-0.0032377432181203147,0.09999999999999964,-0.33,75.1177,-0.02236473331875022,0.0016058364664188751
2013-03-01,-0.02236473331875022,0.0016058364664188751,0.09,1.96,0.0054152378489549235,4.828440063777379e-4,114.65412,-76.713107,0.008715264610344775,0.020440612754674348,-0.08701137698962924,0.0018444927171223924,0.00878372380020842,-0.2999999999999998,0.23,75.4223,-0.00785801679516851,-0.025115442932537757
2013-04-01,-0.00785801679516851,-0.025115442932537757,0.06,1.76,-0.0028158799739523843,0.0016922037954102854,124.94082,-60.04803,0.009610771099517024,0.020349162156724887,0.02758795651882906,0.005333649132701623,0.00960027814872877,-0.20000000000000018,-0.26,75.3358,0.026285634528853574,0.020617739075516006
2013-05-01,0.026285634528853574,0.020617739075516006,0.04,1.93,-0.002090162134340545,0.0010156231544238465,118.71049,-59.911825,0.02193671733060576,0.00836420094887913,0.03447939367420183,0.0025949408525018924,0.02182435848075137,0.09999999999999964,-0.29,75.086,0.010866255004608139,-0.015972105848649942
2013-06-01,0.010866255004608139,-0.015972105848649942,0.05,2.3,4.140697507883928e-4,0.0022639731903397807,104.30455,-62.408127,-0.006530635455330724,-0.01114067859498391,-0.002451455972551031,0.003274156866623912,-0.006484920377865855,-0.09999999999999964,0.14,75.2806,0.0869075213460686,0.04223219599793415
2013-07-01,0.0869075213460686,0.04223219599793415,0.04,2.58,0.0023775795219549423,4.978325138105928e-4,114.61614,-52.523513,-0.006710974991673169,-0.037960306745285166,-0.0012926578842389347,0.005358477228078584,-0.006670011646130902,0,-0.14,75.4822,0.01560505673470125,0.022893975992410276
2013-08-01,0.01560505673470125,0.022893975992410276,0.04,2.74,0.001955538987195915,9.555896412931167e-4,94.03991,-34.805547,0.03311337068319453,-0.025636065057970114,0.04142716643081812,0.003683657603545498,0.0330607263168341,-0.20000000000000018,-0.52,74.8373,-0.0030077123535052763,-0.00683006244630846
2013-09-01,-0.0030077123535052763,-0.00683006244630846,0.02,2.81,0.0023844456313710793,6.189543136801469e-4,102.77067,-38.04593,0.0015940492217048075,-0.005869596589180404,0.0050752104976972134,0.0054214763315059145,0.001662395014440321,-0.09999999999999964,0.3,75.4739,-0.056150637144551485,-0.05667658616465543
2013-10-01,-0.056150637144551485,-0.05667658616465543,0.05,2.62,3.768736661315941e-4,0.0014272009866937382,144.40178,5.5512429,0.03955759050758978,0.019731319606956177,-0.021970675283746743,0.0056132205437506855,0.039532206297217876,0,0.1,75.5084,-0.07059413834373496,-0.08137459022469162
2013-11-01,-0.07059413834373496,-0.08137459022469162,0.07,2.72,5.350878634899914e-4,6.429406414663676e-4,171.02225,17.050216,-0.010001365582311905,0.022908724319123053,-0.057804545428183474,0.011378582417181704,-0.009980520420725725,0,0.01,75.7055,0.036739833377942066,-3.1933870631162264e-4
2013-12-01,0.036739833377942066,-3.1933870631162264e-4,0.07,2.9,0.0018427904455773358,7.405752149587617e-4,89.90614,-1.8674533,0.020282601033148495,-0.021282779567140864,-0.009404879211043493,8.461507471952956e-4,0.020232450974599026,-0.2999999999999998,0.3,75.7266,-0.03373719475215209,-0.011962028533239355
2014-01-01,-0.03373719475215209,-0.011962028533239355,0.04,2.86,0.002640679493365994,0.0013145312548747943,104.60212,31.483762,0.0016402754292741406,-0.04534038380533012,0.04796703417131454,0.005848844867603731,0.0017100864997408038,-0.20000000000000018,-0.15,75.6078,0.06236770524378121,0.06770689719735357
2014-02-01,0.06236770524378121,0.06770689719735357,0.05,2.71,0.0024212417175748513,0.0012590981285863537,93.50074,-7.744601,0.017496072393758055,0.028519882997262158,-0.02382770109341692,0.0063720028674598694,0.017478936082835794,-0.10000000000000053,-0.7,74.8402,-0.0022383661574654212,0.008620998297743654
2014-03-01,-0.0022383661574654212,0.008620998297743654,0.05,2.72,0.0011001732077007276,8.662684357648436e-4,88.98535,-33.287765,0.009493937286775278,0.024865669409830815,-0.052757702934609796,0.005911982679137395,0.009435774269737962,0.10000000000000053,0.44,75.5779,0.010658046610576122,1.9452885659987373e-4
2014-04-01,0.010658046610576122,1.9452885659987373e-4,0.03,2.71,0.002039973140249174,0.001372631908502992,93.46759,-6.9305148,0.017275368795997892,0.026237619639031706,0.010364219077631631,0.003192241468909174,0.017293072406058485,0,0.48,76.2934,-8.240859944961265e-4,0.009641910409911691
2014-05-01,-8.240859944961265e-4,0.009641910409911691,0.03,2.56,0.0018624501675628125,5.549661391313147e-4,91.11802,-41.99815,0.027245751707143384,0.02670309317134567,0.03790324915990517,0.004007059909977073,0.02724218884752183,-0.5,0.05,76.346,0.03339977281723483,0.01679617722650617
2014-06-01,0.03339977281723483,0.01679617722650617,0.04,2.6,0.0019011974817404464,2.816607599121516e-4,90.39225,-47.314946,0.013523171811335999,-2.216200434190796e-4,-0.05272243871292126,0.005755856831592965,0.01359055332600878,0.09999999999999964,0.12,76.5986,-0.022140049331423217,-0.016300260456876714
2014-07-01,-0.022140049331423217,-0.016300260456876714,0.03,2.54,0.0013202602787965034,9.577009572753791e-4,81.00762,-55.679653,0.011283942410809544,-0.028151015504709775,-0.013909602554331713,0.004863493441639832,0.011251246227842238,-0.20000000000000018,0.14,76.9097,-0.07032335568870307,-0.057361831323668344
2014-08-01,-0.07032335568870307,-0.057361831323668344,0.03,2.42,0.0011248524027509532,5.441145937699941e-4,76.64489,-69.236676,0.011723997472497416,-0.04106640429561814,0.07651029083891459,0.004805029572228392,0.011719379368209104,0.10000000000000053,0.3,77.3389,-0.035174006601568664,-0.04224420324558409
2014-09-01,-0.035174006601568664,-0.04224420324558409,0.02,2.53,-1.6001414896038568e-4,7.24779634916233e-4,71.26214,-52.679783,0.009348494056050427,-0.02170050789284872,-0.020791320348211073,0.0021194671763193895,0.009304893499763267,-0.10000000000000053,-0.23,76.9592,-0.09908967698037152,-0.0768749957573509
2014-10-01,-0.09908967698037152,-0.0768749957573509,0.02,2.3,7.158844228705163e-5,0.0029432691737293027,84.33692,-34.44716,0.01667631753512744,0.002198796232587341,0.0029396066064073523,0.0036353556239294704,0.016742370110011784,-0.1999999999999993,0.01,77.0673,-0.1057166091934314,-0.10529041480352364
2014-11-01,-0.1057166091934314,-0.10529041480352364,0.02,2.33,-1.979334907824537e-4,1.4969914875413362e-4,100.20666,-36.218334,0.019651287397289607,0.0527032955336022,-0.047403534257378865,0.006403566330170918,0.019645961420886593,-0.20000000000000018,0.04,77.083,-0.24243632344653765,-0.256212591919617
2014-12-01,-0.24243632344653765,-0.256212591919617,0.03,2.21,-0.0018844345845421273,0.0019819832342268056,88.56003,-16.801234,0.00614325367923918,0.015704253650092426,0.020356584677566403,0.003538942786727617,0.006071981350170397,0.09999999999999964,0.27,77.7121,-0.22123243256942215,-0.24208854673689428
2015-01-01,-0.22123243256942215,-0.24208854673689428,0.03,1.88,-0.0030893766581243653,0.0022289176543614665,85.1875,-54.478351,0.025355413380131253,0.010971620431137197,-0.009641947976252396,0.007142948689233819,0.02535061990354226,-0.20000000000000018,0.06,77.6425,0.06620727269595461,0.05057068102904738
2015-02-01,0.06620727269595461,0.05057068102904738,0.02,1.98,-0.0063906934924871095,8.051433719012254e-4,117.16063,-76.330388,-0.017862336146217572,0.072222333869016,-0.007502119098058202,0.007448127345742961,-0.017786921685018164,0.10000000000000053,-0.26,77.2673,-0.05880260880822252,-0.0018428719187437714
2015-03-01,-0.05880260880822252,-0.0018428719187437714,0.03,2.04,0.0025314368884981064,0.0017237968893821585,100.31974,-106.01405,0.011451720949489541,0.06110533434847554,-0.009950330853168765,0.009912421013831718,0.011379001734064254,-0.20000000000000018,-0.48,76.7788,0.12879695145640913,0.08804972674071898
2015-04-01,0.12879695145640913,0.08804972674071898,0.02,1.94,0.0026903295965814422,5.754746269359067e-4,105.21813,-99.558775,0.009965988595793007,0.05880095805873253,0.06700027726035707,-1.9292631532863425e-4,0.009957160776798979,-0.09999999999999964,0.01,77.107,0.08152810671672395,0.10475733173114188
2015-05-01,0.08152810671672395,0.10475733173114188,0.02,2.2,0.0010419358923821065,8.844686844082636e-4,109.64379,-96.857862,0.007487555780015143,0.018258389670192443,-0.05190354100158956,0.0028565344804754034,0.007551723775367947,0,0,77.168,0.006472680230340089,0.020948354059101337
2015-06-01,0.006472680230340089,0.020948354059101337,0.02,2.36,0.0032923197040535257,0.0010602197077158827,101.01894,-96.069014,-0.01945871627872897,-0.007302411305399659,0.005120055466608875,0.002339455974004423,-0.019496448120446708,0.1999999999999993,-0.34,77.2543,-0.16306219254931964,-0.11796816196521354
2015-07-01,-0.16306219254931964,-0.11796816196521354,0.03,2.32,0.0027640971717151075,0.0011596133492168905,108.95279,-80.398383,-0.01233008818346093,-0.022975620193777857,0.010435354891859205,0.003382519117060667,-0.012284314855012468,-0.2999999999999998,-0.14,77.0019,-0.1716864418572488,-0.19274929812637742
2015-08-01,-0.1716864418572488,-0.19274929812637742,0.07,2.17,0.0015850629039944053,0.005884666798263478,98.91843,-47.081876,0.009155818244833469,-0.030413284064870538,0.005313002076279716,0.0036363374537167203,0.009106091656376769,-0.09999999999999964,0.35,77.6092,0.06135050540772191,-0.04778996039735839
2015-09-01,0.06135050540772191,-0.04778996039735839,0.02,2.17,-4.2010893430699525e-6,0.004078739138036665,129.69532,-38.069058,-0.0038224722694710778,0.0016752657332759213,0.047365754734681076,0.003722242603629411,-0.0037776604673904757,-0.10000000000000053,-0.28,77.4038,0.01515094316185328,0.020900035068069478
2015-10-01,0.01515094316185328,0.020900035068069478,0.02,2.07,-0.0022501171352722338,0.001598773980064062,138.72169,-55.827583,0.007524808968007335,0.007491144645481285,-0.06546331474548417,0.005097619115861818,0.007493666373258989,-0.09999999999999964,-0.12,77.2334,-0.08651519560380327,-0.07473467723468152
2015-11-01,-0.08651519560380327,-0.07473467723468152,0.12,2.26,9.8899280204634e-4,0.0011149331823431738,102.89402,-67.150911,-0.008163310639162091,0.055098739012173326,-0.01758593820908594,0.004205079334360207,-0.008135128131165459,0,-0.26,77.1073,-0.13097527355928706,-0.16242241376908417
2015-12-01,-0.13097527355928706,-0.16242241376908417,0.23,2.24,0.0011939045033511064,0.0028435479675442293,92.10044,-97.997503,-0.007050557996667095,0.002099678028036678,0.037176947686255346,0.007481026814032177,-0.007075343210681595,0.09999999999999964,-0.36,76.8788,-0.15989579231030104,-0.18742731423249293
2016-01-01,-0.15989579231030104,-0.18742731423249293,0.26,2.09,-0.001076132249516526,0.004323923222292628,99.34261,-109.18816,-0.00623725003037201,-0.013783450437486522,0.06956250978204892,0.005739767790968742,-0.006212569290966918,-0.09999999999999964,-0.3,76.6535,-0.04254744604581839,-0.028963592477350364
2016-02-01,-0.04254744604581839,-0.028963592477350364,0.31,1.78,-4.5854868045225317e-4,0.002601227383746318,119.01519,-138.5362,-0.006602112838534069,-0.02046877785550194,-0.036995905642074334,0.010487360437338111,-0.006643674371622055,-0.20000000000000018,0.09,76.9479,0.2107359244270448,0.18691370987893752
2016-03-01,0.2107359244270448,0.18691370987893752,0.29,1.89,-0.0013305601262363353,0.0012566373056570848,114.62456,-161.24365,-0.015539818075311018,0.04230442412375801,0.03851335661610733,0.006798739686690425,-0.0155198461380186,0.10000000000000053,-0.23,76.6505,0.07795913455351888,0.10370605093259622
2016-04-01,0.07795913455351888,0.10370605093259622,0.23,1.81,0.003129893008927631,8.180342959049306e-4,104.19081,-139.15272,0.004621487098754429,0.025394458038656254,0.012307074840338217,0.004583296829840933,0.004597756603435421,0.09999999999999964,-0.33,76.5647,0.1341411290359904,0.12754234461006142
2016-05-01,0.1341411290359904,0.12754234461006142,0.27,1.81,0.0038233269232099687,9.923194238749726e-4,84.25134,-93.327074,-0.025461378758594222,0.008898291096610222,-0.05134584851831647,0.006408209294106015,-0.025471116466209587,0.09999999999999964,-0.1,76.4303,0.04017991866501891,0.07372676595197136
2016-06-01,0.04017991866501891,0.07372676595197136,0.27,1.64,0.0023613057911546775,0.0029041355841323657,82.04127,-91.37151,-0.004627808925267374,0.004970710911516463,0.040680084569764574,0.004603612721520989,-0.004578978334511596,-0.2999999999999998,-0.35,76.3181,-0.08755216964724921,-0.06142461227681606
2016-07-01,-0.08755216964724921,-0.06142461227681606,0.3,1.5,0.002772111434034663,4.736868403182654e-4,162.62912,-93.442306,-0.018267433416703227,-0.021732472605457076,-0.04740346366357784,0.003936936227709964,-0.018228661248037348,0.10000000000000053,0.13,76.467,-2.809925558500126e-4,-0.008377952090786067
2016-08-01,-2.809925558500126e-4,-0.008377952090786067,0.3,1.56,-5.038276433131372e-4,2.7883313798523053e-4,121.96465,-78.056139,-0.0011528707756056633,-0.014882882331693992,0.06849892235366895,0.0046110218164994166,-0.0012442006807384942,-0.10000000000000053,0.05,76.4489,0.0076139070082446025,-0.011149131146018565
2016-09-01,0.0076139070082446025,-0.011149131146018565,0.29,1.63,0.0018475140801852419,0.0016864944879825014,91.8289,-83.076358,0.0029947039197431025,-0.013841199693461093,-0.009930568202602075,0.00600736896357823,0.0029800400488477763,0.10000000000000053,-0.22,76.0902,0.09461883821583372,0.08882334637049327
2016-10-01,0.09461883821583372,0.08882334637049327,0.33,1.76,0.0026197751847689688,3.6584426058165276e-4,79.80896,-62.458321,-0.017167803622365696,-0.031598977222028424,0.00298953884836628,0.005006806493733862,-0.017104456528412193,0.09999999999999964,-0.09,76.2173,-0.08756890914143911,-0.06959679721665646
2016-11-01,-0.08756890914143911,-0.06959679721665646,0.45,2.14,0.002339947683755561,9.340796504496358e-4,92.51785,-57.724987,0.03019358194377908,0.04085991235282549,-0.06023601574151627,0.005187633159092542,0.030139137519164194,-0.09999999999999964,-0.07,76.2794,0.1269226470130187,0.10875465808357854
